zone_id,zone_name,forecast_timestamp,hour,predicted_demand_kw,feeder_capacity_kw,grid_headroom_kw,is_peak_risk,recommended_charging_window,typical_peak_window,high_priority
Z001,Whitefield,2024-09-01 00:00:00,0,22.2,1470,1447.8,0,00:00-04:00,18:00-23:00,True
Z001,Whitefield,2024-09-01 01:00:00,1,17.78,1470,1452.22,0,00:00-04:00,18:00-23:00,True
Z001,Whitefield,2024-09-01 02:00:00,2,15.94,1470,1454.06,0,00:00-04:00,18:00-23:00,True
Z001,Whitefield,2024-09-01 03:00:00,3,14.2,1470,1455.8,0,00:00-04:00,18:00-23:00,True
Z001,Whitefield,2024-09-01 04:00:00,4,13.45,1470,1456.55,0,00:00-04:00,18:00-23:00,True
Z001,Whitefield,2024-09-01 05:00:00,5,12.85,1470,1457.15,0,00:00-04:00,18:00-23:00,True
Z001,Whitefield,2024-09-01 06:00:00,6,19.35,1470,1450.65,0,00:00-04:00,18:00-23:00,True
Z001,Whitefield,2024-09-01 07:00:00,7,22.58,1470,1447.42,0,00:00-04:00,18:00-23:00,True
Z001,Whitefield,2024-09-01 08:00:00,8,23.16,1470,1446.84,0,00:00-04:00,18:00-23:00,True
Z001,Whitefield,2024-09-01 09:00:00,9,27.37,1470,1442.63,0,00:00-04:00,18:00-23:00,True
Z001,Whitefield,2024-09-01 10:00:00,10,31.42,1470,1438.58,0,00:00-04:00,18:00-23:00,True
Z001,Whitefield,2024-09-01 11:00:00,11,34.91,1470,1435.09,0,00:00-04:00,18:00-23:00,True
Z001,Whitefield,2024-09-01 12:00:00,12,35.38,1470,1434.62,0,00:00-04:00,18:00-23:00,True
Z001,Whitefield,2024-09-01 13:00:00,13,36.02,1470,1433.98,0,00:00-04:00,18:00-23:00,True
Z001,Whitefield,2024-09-01 14:00:00,14,35.73,1470,1434.27,0,00:00-04:00,18:00-23:00,True
Z001,Whitefield,2024-09-01 15:00:00,15,38.1,1470,1431.9,0,00:00-04:00,18:00-23:00,True
Z001,Whitefield,2024-09-01 16:00:00,16,38.62,1470,1431.38,0,00:00-04:00,18:00-23:00,True
Z001,Whitefield,2024-09-01 17:00:00,17,39.67,1470,1430.33,0,00:00-04:00,18:00-23:00,True
Z001,Whitefield,2024-09-01 18:00:00,18,43.86,1470,1426.14,0,00:00-04:00,18:00-23:00,True
Z001,Whitefield,2024-09-01 19:00:00,19,47.79,1470,1422.21,0,00:00-04:00,18:00-23:00,True
Z001,Whitefield,2024-09-01 20:00:00,20,62.13,1470,1407.87,0,00:00-04:00,18:00-23:00,True
Z001,Whitefield,2024-09-01 21:00:00,21,63.36,1470,1406.64,0,00:00-04:00,18:00-23:00,True
Z001,Whitefield,2024-09-01 22:00:00,22,56.53,1470,1413.47,0,00:00-04:00,18:00-23:00,True
Z001,Whitefield,2024-09-01 23:00:00,23,41.92,1470,1428.08,0,00:00-04:00,18:00-23:00,True
Z002,Koramangala,2024-09-01 00:00:00,0,10.64,1614,1603.36,0,02:00-06:00,19:00-22:00,True
Z002,Koramangala,2024-09-01 01:00:00,1,9.02,1614,1604.98,0,02:00-06:00,19:00-22:00,True
Z002,Koramangala,2024-09-01 02:00:00,2,7.56,1614,1606.44,0,02:00-06:00,19:00-22:00,True
Z002,Koramangala,2024-09-01 03:00:00,3,6.96,1614,1607.04,0,02:00-06:00,19:00-22:00,True
Z002,Koramangala,2024-09-01 04:00:00,4,6.25,1614,1607.75,0,02:00-06:00,19:00-22:00,True
Z002,Koramangala,2024-09-01 05:00:00,5,5.9,1614,1608.1,0,02:00-06:00,19:00-22:00,True
Z002,Koramangala,2024-09-01 06:00:00,6,9.73,1614,1604.27,0,02:00-06:00,19:00-22:00,True
Z002,Koramangala,2024-09-01 07:00:00,7,11.03,1614,1602.97,0,02:00-06:00,19:00-22:00,True
Z002,Koramangala,2024-09-01 08:00:00,8,11.89,1614,1602.11,0,02:00-06:00,19:00-22:00,True
Z002,Koramangala,2024-09-01 09:00:00,9,12.49,1614,1601.51,0,02:00-06:00,19:00-22:00,True
Z002,Koramangala,2024-09-01 10:00:00,10,12.49,1614,1601.51,0,02:00-06:00,19:00-22:00,True
Z002,Koramangala,2024-09-01 11:00:00,11,13.01,1614,1600.99,0,02:00-06:00,19:00-22:00,True
Z002,Koramangala,2024-09-01 12:00:00,12,13.83,1614,1600.17,0,02:00-06:00,19:00-22:00,True
Z002,Koramangala,2024-09-01 13:00:00,13,14.08,1614,1599.92,0,02:00-06:00,19:00-22:00,True
Z002,Koramangala,2024-09-01 14:00:00,14,14.66,1614,1599.34,0,02:00-06:00,19:00-22:00,True
Z002,Koramangala,2024-09-01 15:00:00,15,14.76,1614,1599.24,0,02:00-06:00,19:00-22:00,True
Z002,Koramangala,2024-09-01 16:00:00,16,15.13,1614,1598.87,0,02:00-06:00,19:00-22:00,True
Z002,Koramangala,2024-09-01 17:00:00,17,14.82,1614,1599.18,0,02:00-06:00,19:00-22:00,True
Z002,Koramangala,2024-09-01 18:00:00,18,19.1,1614,1594.9,0,02:00-06:00,19:00-22:00,True
Z002,Koramangala,2024-09-01 19:00:00,19,24.58,1614,1589.42,0,02:00-06:00,19:00-22:00,True
Z002,Koramangala,2024-09-01 20:00:00,20,28.69,1614,1585.31,0,02:00-06:00,19:00-22:00,True
Z002,Koramangala,2024-09-01 21:00:00,21,34.02,1614,1579.98,0,02:00-06:00,19:00-22:00,True
Z002,Koramangala,2024-09-01 22:00:00,22,31.06,1614,1582.94,0,02:00-06:00,19:00-22:00,True
Z002,Koramangala,2024-09-01 23:00:00,23,25.78,1614,1588.22,0,02:00-06:00,19:00-22:00,True
Z003,HSR Layout,2024-09-01 00:00:00,0,3.11,1658,1654.89,0,00:00-04:00,18:00-22:00,False
Z003,HSR Layout,2024-09-01 01:00:00,1,2.47,1658,1655.53,0,00:00-04:00,18:00-22:00,False
Z003,HSR Layout,2024-09-01 02:00:00,2,2.06,1658,1655.94,0,00:00-04:00,18:00-22:00,False
Z003,HSR Layout,2024-09-01 03:00:00,3,1.85,1658,1656.15,0,00:00-04:00,18:00-22:00,False
Z003,HSR Layout,2024-09-01 04:00:00,4,1.72,1658,1656.28,0,00:00-04:00,18:00-22:00,False
Z003,HSR Layout,2024-09-01 05:00:00,5,1.75,1658,1656.25,0,00:00-04:00,18:00-22:00,False
Z003,HSR Layout,2024-09-01 06:00:00,6,3.46,1658,1654.54,0,00:00-04:00,18:00-22:00,False
Z003,HSR Layout,2024-09-01 07:00:00,7,3.83,1658,1654.17,0,00:00-04:00,18:00-22:00,False
Z003,HSR Layout,2024-09-01 08:00:00,8,4.08,1658,1653.92,0,00:00-04:00,18:00-22:00,False
Z003,HSR Layout,2024-09-01 09:00:00,9,4.71,1658,1653.29,0,00:00-04:00,18:00-22:00,False
Z003,HSR Layout,2024-09-01 10:00:00,10,5.16,1658,1652.84,0,00:00-04:00,18:00-22:00,False
Z003,HSR Layout,2024-09-01 11:00:00,11,5.56,1658,1652.44,0,00:00-04:00,18:00-22:00,False
Z003,HSR Layout,2024-09-01 12:00:00,12,6.05,1658,1651.95,0,00:00-04:00,18:00-22:00,False
Z003,HSR Layout,2024-09-01 13:00:00,13,6.2,1658,1651.8,0,00:00-04:00,18:00-22:00,False
Z003,HSR Layout,2024-09-01 14:00:00,14,6.59,1658,1651.41,0,00:00-04:00,18:00-22:00,False
Z003,HSR Layout,2024-09-01 15:00:00,15,7.44,1658,1650.56,0,00:00-04:00,18:00-22:00,False
Z003,HSR Layout,2024-09-01 16:00:00,16,7.62,1658,1650.38,0,00:00-04:00,18:00-22:00,False
Z003,HSR Layout,2024-09-01 17:00:00,17,7.98,1658,1650.02,0,00:00-04:00,18:00-22:00,False
Z003,HSR Layout,2024-09-01 18:00:00,18,8.72,1658,1649.28,0,00:00-04:00,18:00-22:00,False
Z003,HSR Layout,2024-09-01 19:00:00,19,9.69,1658,1648.31,0,00:00-04:00,18:00-22:00,False
Z003,HSR Layout,2024-09-01 20:00:00,20,10.74,1658,1647.26,0,00:00-04:00,18:00-22:00,False
Z003,HSR Layout,2024-09-01 21:00:00,21,11.71,1658,1646.29,0,00:00-04:00,18:00-22:00,False
Z003,HSR Layout,2024-09-01 22:00:00,22,10.74,1658,1647.26,0,00:00-04:00,18:00-22:00,False
Z003,HSR Layout,2024-09-01 23:00:00,23,8.69,1658,1649.31,0,00:00-04:00,18:00-22:00,False
Z004,Indiranagar,2024-09-01 00:00:00,0,9.28,1130,1120.72,0,00:00-04:00,19:00-22:00,False
Z004,Indiranagar,2024-09-01 01:00:00,1,7.66,1130,1122.34,0,00:00-04:00,19:00-22:00,False
Z004,Indiranagar,2024-09-01 02:00:00,2,7.07,1130,1122.93,0,00:00-04:00,19:00-22:00,False
Z004,Indiranagar,2024-09-01 03:00:00,3,6.35,1130,1123.65,0,00:00-04:00,19:00-22:00,False
Z004,Indiranagar,2024-09-01 04:00:00,4,5.55,1130,1124.45,0,00:00-04:00,19:00-22:00,False
Z004,Indiranagar,2024-09-01 05:00:00,5,5.33,1130,1124.67,0,00:00-04:00,19:00-22:00,False
Z004,Indiranagar,2024-09-01 06:00:00,6,7.62,1130,1122.38,0,00:00-04:00,19:00-22:00,False
Z004,Indiranagar,2024-09-01 07:00:00,7,8.89,1130,1121.11,0,00:00-04:00,19:00-22:00,False
Z004,Indiranagar,2024-09-01 08:00:00,8,9.73,1130,1120.27,0,00:00-04:00,19:00-22:00,False
Z004,Indiranagar,2024-09-01 09:00:00,9,10.87,1130,1119.13,0,00:00-04:00,19:00-22:00,False
Z004,Indiranagar,2024-09-01 10:00:00,10,11.9,1130,1118.1,0,00:00-04:00,19:00-22:00,False
Z004,Indiranagar,2024-09-01 11:00:00,11,12.4,1130,1117.6,0,00:00-04:00,19:00-22:00,False
Z004,Indiranagar,2024-09-01 12:00:00,12,12.64,1130,1117.36,0,00:00-04:00,19:00-22:00,False
Z004,Indiranagar,2024-09-01 13:00:00,13,13.11,1130,1116.89,0,00:00-04:00,19:00-22:00,False
Z004,Indiranagar,2024-09-01 14:00:00,14,13.35,1130,1116.65,0,00:00-04:00,19:00-22:00,False
Z004,Indiranagar,2024-09-01 15:00:00,15,13.24,1130,1116.76,0,00:00-04:00,19:00-22:00,False
Z004,Indiranagar,2024-09-01 16:00:00,16,13.37,1130,1116.63,0,00:00-04:00,19:00-22:00,False
Z004,Indiranagar,2024-09-01 17:00:00,17,13.18,1130,1116.82,0,00:00-04:00,19:00-22:00,False
Z004,Indiranagar,2024-09-01 18:00:00,18,16.51,1130,1113.49,0,00:00-04:00,19:00-22:00,False
Z004,Indiranagar,2024-09-01 19:00:00,19,19.86,1130,1110.14,0,00:00-04:00,19:00-22:00,False
Z004,Indiranagar,2024-09-01 20:00:00,20,23.98,1130,1106.02,0,00:00-04:00,19:00-22:00,False
Z004,Indiranagar,2024-09-01 21:00:00,21,25.67,1130,1104.33,0,00:00-04:00,19:00-22:00,False
Z004,Indiranagar,2024-09-01 22:00:00,22,24.27,1130,1105.73,0,00:00-04:00,19:00-22:00,False
Z004,Indiranagar,2024-09-01 23:00:00,23,18.82,1130,1111.18,0,00:00-04:00,19:00-22:00,False
Z005,Electronic City,2024-09-01 00:00:00,0,10.41,2605,2594.59,0,01:00-05:00,17:00-23:00,True
Z005,Electronic City,2024-09-01 01:00:00,1,8.91,2605,2596.09,0,01:00-05:00,17:00-23:00,True
Z005,Electronic City,2024-09-01 02:00:00,2,7.78,2605,2597.22,0,01:00-05:00,17:00-23:00,True
Z005,Electronic City,2024-09-01 03:00:00,3,7.11,2605,2597.89,0,01:00-05:00,17:00-23:00,True
Z005,Electronic City,2024-09-01 04:00:00,4,6.49,2605,2598.51,0,01:00-05:00,17:00-23:00,True
Z005,Electronic City,2024-09-01 05:00:00,5,6.31,2605,2598.69,0,01:00-05:00,17:00-23:00,True
Z005,Electronic City,2024-09-01 06:00:00,6,13.88,2605,2591.12,0,01:00-05:00,17:00-23:00,True
Z005,Electronic City,2024-09-01 07:00:00,7,14.41,2605,2590.59,0,01:00-05:00,17:00-23:00,True
Z005,Electronic City,2024-09-01 08:00:00,8,14.94,2605,2590.06,0,01:00-05:00,17:00-23:00,True
Z005,Electronic City,2024-09-01 09:00:00,9,17.06,2605,2587.94,0,01:00-05:00,17:00-23:00,True
Z005,Electronic City,2024-09-01 10:00:00,10,21.4,2605,2583.6,0,01:00-05:00,17:00-23:00,True
Z005,Electronic City,2024-09-01 11:00:00,11,23.01,2605,2581.99,0,01:00-05:00,17:00-23:00,True
Z005,Electronic City,2024-09-01 12:00:00,12,22.14,2605,2582.86,0,01:00-05:00,17:00-23:00,True
Z005,Electronic City,2024-09-01 13:00:00,13,21.31,2605,2583.69,0,01:00-05:00,17:00-23:00,True
Z005,Electronic City,2024-09-01 14:00:00,14,20.66,2605,2584.34,0,01:00-05:00,17:00-23:00,True
Z005,Electronic City,2024-09-01 15:00:00,15,24.3,2605,2580.7,0,01:00-05:00,17:00-23:00,True
Z005,Electronic City,2024-09-01 16:00:00,16,24.31,2605,2580.69,0,01:00-05:00,17:00-23:00,True
Z005,Electronic City,2024-09-01 17:00:00,17,23.6,2605,2581.4,0,01:00-05:00,17:00-23:00,True
Z005,Electronic City,2024-09-01 18:00:00,18,25.78,2605,2579.22,0,01:00-05:00,17:00-23:00,True
Z005,Electronic City,2024-09-01 19:00:00,19,30.69,2605,2574.31,0,01:00-05:00,17:00-23:00,True
Z005,Electronic City,2024-09-01 20:00:00,20,32.2,2605,2572.8,0,01:00-05:00,17:00-23:00,True
Z005,Electronic City,2024-09-01 21:00:00,21,32.12,2605,2572.88,0,01:00-05:00,17:00-23:00,True
Z005,Electronic City,2024-09-01 22:00:00,22,29.43,2605,2575.57,0,01:00-05:00,17:00-23:00,True
Z005,Electronic City,2024-09-01 23:00:00,23,22.88,2605,2582.12,0,01:00-05:00,17:00-23:00,True
Z006,Marathahalli,2024-09-01 00:00:00,0,18.92,1360,1341.08,0,00:00-04:00,18:00-22:00,True
Z006,Marathahalli,2024-09-01 01:00:00,1,16.52,1360,1343.48,0,00:00-04:00,18:00-22:00,True
Z006,Marathahalli,2024-09-01 02:00:00,2,14.9,1360,1345.1,0,00:00-04:00,18:00-22:00,True
Z006,Marathahalli,2024-09-01 03:00:00,3,14.25,1360,1345.75,0,00:00-04:00,18:00-22:00,True
Z006,Marathahalli,2024-09-01 04:00:00,4,13.53,1360,1346.47,0,00:00-04:00,18:00-22:00,True
Z006,Marathahalli,2024-09-01 05:00:00,5,13.14,1360,1346.86,0,00:00-04:00,18:00-22:00,True
Z006,Marathahalli,2024-09-01 06:00:00,6,22.71,1360,1337.29,0,00:00-04:00,18:00-22:00,True
Z006,Marathahalli,2024-09-01 07:00:00,7,25.4,1360,1334.6,0,00:00-04:00,18:00-22:00,True
Z006,Marathahalli,2024-09-01 08:00:00,8,26.72,1360,1333.28,0,00:00-04:00,18:00-22:00,True
Z006,Marathahalli,2024-09-01 09:00:00,9,30.61,1360,1329.39,0,00:00-04:00,18:00-22:00,True
Z006,Marathahalli,2024-09-01 10:00:00,10,33.99,1360,1326.01,0,00:00-04:00,18:00-22:00,True
Z006,Marathahalli,2024-09-01 11:00:00,11,35.98,1360,1324.02,0,00:00-04:00,18:00-22:00,True
Z006,Marathahalli,2024-09-01 12:00:00,12,36.52,1360,1323.48,0,00:00-04:00,18:00-22:00,True
Z006,Marathahalli,2024-09-01 13:00:00,13,36.43,1360,1323.57,0,00:00-04:00,18:00-22:00,True
Z006,Marathahalli,2024-09-01 14:00:00,14,36.45,1360,1323.55,0,00:00-04:00,18:00-22:00,True
Z006,Marathahalli,2024-09-01 15:00:00,15,39.25,1360,1320.75,0,00:00-04:00,18:00-22:00,True
Z006,Marathahalli,2024-09-01 16:00:00,16,43.18,1360,1316.82,0,00:00-04:00,18:00-22:00,True
Z006,Marathahalli,2024-09-01 17:00:00,17,44.48,1360,1315.52,0,00:00-04:00,18:00-22:00,True
Z006,Marathahalli,2024-09-01 18:00:00,18,49.08,1360,1310.92,0,00:00-04:00,18:00-22:00,True
Z006,Marathahalli,2024-09-01 19:00:00,19,58.95,1360,1301.05,0,00:00-04:00,18:00-22:00,True
Z006,Marathahalli,2024-09-01 20:00:00,20,64.4,1360,1295.6,0,00:00-04:00,18:00-22:00,True
Z006,Marathahalli,2024-09-01 21:00:00,21,67.11,1360,1292.89,0,00:00-04:00,18:00-22:00,True
Z006,Marathahalli,2024-09-01 22:00:00,22,59.19,1360,1300.81,0,00:00-04:00,18:00-22:00,True
Z006,Marathahalli,2024-09-01 23:00:00,23,47.77,1360,1312.23,0,00:00-04:00,18:00-22:00,True
Z007,Bellandur,2024-09-01 00:00:00,0,11.95,2056,2044.05,0,01:00-05:00,18:00-22:00,False
Z007,Bellandur,2024-09-01 01:00:00,1,9.77,2056,2046.23,0,01:00-05:00,18:00-22:00,False
Z007,Bellandur,2024-09-01 02:00:00,2,8.65,2056,2047.35,0,01:00-05:00,18:00-22:00,False
Z007,Bellandur,2024-09-01 03:00:00,3,8.57,2056,2047.43,0,01:00-05:00,18:00-22:00,False
Z007,Bellandur,2024-09-01 04:00:00,4,8.02,2056,2047.98,0,01:00-05:00,18:00-22:00,False
Z007,Bellandur,2024-09-01 05:00:00,5,7.39,2056,2048.61,0,01:00-05:00,18:00-22:00,False
Z007,Bellandur,2024-09-01 06:00:00,6,12.48,2056,2043.52,0,01:00-05:00,18:00-22:00,False
Z007,Bellandur,2024-09-01 07:00:00,7,12.94,2056,2043.06,0,01:00-05:00,18:00-22:00,False
Z007,Bellandur,2024-09-01 08:00:00,8,13.54,2056,2042.46,0,01:00-05:00,18:00-22:00,False
Z007,Bellandur,2024-09-01 09:00:00,9,15.24,2056,2040.76,0,01:00-05:00,18:00-22:00,False
Z007,Bellandur,2024-09-01 10:00:00,10,16.29,2056,2039.71,0,01:00-05:00,18:00-22:00,False
Z007,Bellandur,2024-09-01 11:00:00,11,15.73,2056,2040.27,0,01:00-05:00,18:00-22:00,False
Z007,Bellandur,2024-09-01 12:00:00,12,15.43,2056,2040.57,0,01:00-05:00,18:00-22:00,False
Z007,Bellandur,2024-09-01 13:00:00,13,15.24,2056,2040.76,0,01:00-05:00,18:00-22:00,False
Z007,Bellandur,2024-09-01 14:00:00,14,15.91,2056,2040.09,0,01:00-05:00,18:00-22:00,False
Z007,Bellandur,2024-09-01 15:00:00,15,16.11,2056,2039.89,0,01:00-05:00,18:00-22:00,False
Z007,Bellandur,2024-09-01 16:00:00,16,20.38,2056,2035.62,0,01:00-05:00,18:00-22:00,False
Z007,Bellandur,2024-09-01 17:00:00,17,22.13,2056,2033.87,0,01:00-05:00,18:00-22:00,False
Z007,Bellandur,2024-09-01 18:00:00,18,25.74,2056,2030.26,0,01:00-05:00,18:00-22:00,False
Z007,Bellandur,2024-09-01 19:00:00,19,30.56,2056,2025.44,0,01:00-05:00,18:00-22:00,False
Z007,Bellandur,2024-09-01 20:00:00,20,32.9,2056,2023.1,0,01:00-05:00,18:00-22:00,False
Z007,Bellandur,2024-09-01 21:00:00,21,32.98,2056,2023.02,0,01:00-05:00,18:00-22:00,False
Z007,Bellandur,2024-09-01 22:00:00,22,31.08,2056,2024.92,0,01:00-05:00,18:00-22:00,False
Z007,Bellandur,2024-09-01 23:00:00,23,26.38,2056,2029.62,0,01:00-05:00,18:00-22:00,False
Z008,Sarjapur Road,2024-09-01 00:00:00,0,21.54,1181,1159.46,0,01:00-05:00,18:00-22:00,True
Z008,Sarjapur Road,2024-09-01 01:00:00,1,17.02,1181,1163.98,0,01:00-05:00,18:00-22:00,True
Z008,Sarjapur Road,2024-09-01 02:00:00,2,15.62,1181,1165.38,0,01:00-05:00,18:00-22:00,True
Z008,Sarjapur Road,2024-09-01 03:00:00,3,14.05,1181,1166.95,0,01:00-05:00,18:00-22:00,True
Z008,Sarjapur Road,2024-09-01 04:00:00,4,13.24,1181,1167.76,0,01:00-05:00,18:00-22:00,True
Z008,Sarjapur Road,2024-09-01 05:00:00,5,12.78,1181,1168.22,0,01:00-05:00,18:00-22:00,True
Z008,Sarjapur Road,2024-09-01 06:00:00,6,18.76,1181,1162.24,0,01:00-05:00,18:00-22:00,True
Z008,Sarjapur Road,2024-09-01 07:00:00,7,21.85,1181,1159.15,0,01:00-05:00,18:00-22:00,True
Z008,Sarjapur Road,2024-09-01 08:00:00,8,24.14,1181,1156.86,0,01:00-05:00,18:00-22:00,True
Z008,Sarjapur Road,2024-09-01 09:00:00,9,30.17,1181,1150.83,0,01:00-05:00,18:00-22:00,True
Z008,Sarjapur Road,2024-09-01 10:00:00,10,33.78,1181,1147.22,0,01:00-05:00,18:00-22:00,True
Z008,Sarjapur Road,2024-09-01 11:00:00,11,35.85,1181,1145.15,0,01:00-05:00,18:00-22:00,True
Z008,Sarjapur Road,2024-09-01 12:00:00,12,36.8,1181,1144.2,0,01:00-05:00,18:00-22:00,True
Z008,Sarjapur Road,2024-09-01 13:00:00,13,37.79,1181,1143.21,0,01:00-05:00,18:00-22:00,True
Z008,Sarjapur Road,2024-09-01 14:00:00,14,38.9,1181,1142.1,0,01:00-05:00,18:00-22:00,True
Z008,Sarjapur Road,2024-09-01 15:00:00,15,41.06,1181,1139.94,0,01:00-05:00,18:00-22:00,True
Z008,Sarjapur Road,2024-09-01 16:00:00,16,42.64,1181,1138.36,0,01:00-05:00,18:00-22:00,True
Z008,Sarjapur Road,2024-09-01 17:00:00,17,44.51,1181,1136.49,0,01:00-05:00,18:00-22:00,True
Z008,Sarjapur Road,2024-09-01 18:00:00,18,47.94,1181,1133.06,0,01:00-05:00,18:00-22:00,True
Z008,Sarjapur Road,2024-09-01 19:00:00,19,55.34,1181,1125.66,0,01:00-05:00,18:00-22:00,True
Z008,Sarjapur Road,2024-09-01 20:00:00,20,59.87,1181,1121.13,0,01:00-05:00,18:00-22:00,True
Z008,Sarjapur Road,2024-09-01 21:00:00,21,68.22,1181,1112.78,0,01:00-05:00,18:00-22:00,True
Z008,Sarjapur Road,2024-09-01 22:00:00,22,59.03,1181,1121.97,0,01:00-05:00,18:00-22:00,True
Z008,Sarjapur Road,2024-09-01 23:00:00,23,45.41,1181,1135.59,0,01:00-05:00,18:00-22:00,True
Z009,BTM Layout,2024-09-01 00:00:00,0,5.15,1062,1056.85,0,02:00-06:00,18:00-22:00,False
Z009,BTM Layout,2024-09-01 01:00:00,1,3.88,1062,1058.12,0,02:00-06:00,18:00-22:00,False
Z009,BTM Layout,2024-09-01 02:00:00,2,3.67,1062,1058.33,0,02:00-06:00,18:00-22:00,False
Z009,BTM Layout,2024-09-01 03:00:00,3,3.32,1062,1058.68,0,02:00-06:00,18:00-22:00,False
Z009,BTM Layout,2024-09-01 04:00:00,4,3.22,1062,1058.78,0,02:00-06:00,18:00-22:00,False
Z009,BTM Layout,2024-09-01 05:00:00,5,3.12,1062,1058.88,0,02:00-06:00,18:00-22:00,False
Z009,BTM Layout,2024-09-01 06:00:00,6,5.11,1062,1056.89,0,02:00-06:00,18:00-22:00,False
Z009,BTM Layout,2024-09-01 07:00:00,7,5.8,1062,1056.2,0,02:00-06:00,18:00-22:00,False
Z009,BTM Layout,2024-09-01 08:00:00,8,6.3,1062,1055.7,0,02:00-06:00,18:00-22:00,False
Z009,BTM Layout,2024-09-01 09:00:00,9,7.25,1062,1054.75,0,02:00-06:00,18:00-22:00,False
Z009,BTM Layout,2024-09-01 10:00:00,10,7.86,1062,1054.14,0,02:00-06:00,18:00-22:00,False
Z009,BTM Layout,2024-09-01 11:00:00,11,8.48,1062,1053.52,0,02:00-06:00,18:00-22:00,False
Z009,BTM Layout,2024-09-01 12:00:00,12,8.71,1062,1053.29,0,02:00-06:00,18:00-22:00,False
Z009,BTM Layout,2024-09-01 13:00:00,13,9.36,1062,1052.64,0,02:00-06:00,18:00-22:00,False
Z009,BTM Layout,2024-09-01 14:00:00,14,9.64,1062,1052.36,0,02:00-06:00,18:00-22:00,False
Z009,BTM Layout,2024-09-01 15:00:00,15,10.49,1062,1051.51,0,02:00-06:00,18:00-22:00,False
Z009,BTM Layout,2024-09-01 16:00:00,16,10.73,1062,1051.27,0,02:00-06:00,18:00-22:00,False
Z009,BTM Layout,2024-09-01 17:00:00,17,11.25,1062,1050.75,0,02:00-06:00,18:00-22:00,False
Z009,BTM Layout,2024-09-01 18:00:00,18,12.38,1062,1049.62,0,02:00-06:00,18:00-22:00,False
Z009,BTM Layout,2024-09-01 19:00:00,19,12.2,1062,1049.8,0,02:00-06:00,18:00-22:00,False
Z009,BTM Layout,2024-09-01 20:00:00,20,12.28,1062,1049.72,0,02:00-06:00,18:00-22:00,False
Z009,BTM Layout,2024-09-01 21:00:00,21,12.22,1062,1049.78,0,02:00-06:00,18:00-22:00,False
Z009,BTM Layout,2024-09-01 22:00:00,22,12.66,1062,1049.34,0,02:00-06:00,18:00-22:00,False
Z009,BTM Layout,2024-09-01 23:00:00,23,11.04,1062,1050.96,0,02:00-06:00,18:00-22:00,False
Z010,Jayanagar,2024-09-01 00:00:00,0,10.63,984,973.37,0,02:00-06:00,18:00-22:00,False
Z010,Jayanagar,2024-09-01 01:00:00,1,9.3,984,974.7,0,02:00-06:00,18:00-22:00,False
Z010,Jayanagar,2024-09-01 02:00:00,2,8.01,984,975.99,0,02:00-06:00,18:00-22:00,False
Z010,Jayanagar,2024-09-01 03:00:00,3,7.71,984,976.29,0,02:00-06:00,18:00-22:00,False
Z010,Jayanagar,2024-09-01 04:00:00,4,7.24,984,976.76,0,02:00-06:00,18:00-22:00,False
Z010,Jayanagar,2024-09-01 05:00:00,5,6.92,984,977.08,0,02:00-06:00,18:00-22:00,False
Z010,Jayanagar,2024-09-01 06:00:00,6,7.88,984,976.12,0,02:00-06:00,18:00-22:00,False
Z010,Jayanagar,2024-09-01 07:00:00,7,8.26,984,975.74,0,02:00-06:00,18:00-22:00,False
Z010,Jayanagar,2024-09-01 08:00:00,8,8.41,984,975.59,0,02:00-06:00,18:00-22:00,False
Z010,Jayanagar,2024-09-01 09:00:00,9,9.92,984,974.08,0,02:00-06:00,18:00-22:00,False
Z010,Jayanagar,2024-09-01 10:00:00,10,10.7,984,973.3,0,02:00-06:00,18:00-22:00,False
Z010,Jayanagar,2024-09-01 11:00:00,11,11.17,984,972.83,0,02:00-06:00,18:00-22:00,False
Z010,Jayanagar,2024-09-01 12:00:00,12,10.79,984,973.21,0,02:00-06:00,18:00-22:00,False
Z010,Jayanagar,2024-09-01 13:00:00,13,10.94,984,973.06,0,02:00-06:00,18:00-22:00,False
Z010,Jayanagar,2024-09-01 14:00:00,14,11.39,984,972.61,0,02:00-06:00,18:00-22:00,False
Z010,Jayanagar,2024-09-01 15:00:00,15,11.89,984,972.11,0,02:00-06:00,18:00-22:00,False
Z010,Jayanagar,2024-09-01 16:00:00,16,12.02,984,971.98,0,02:00-06:00,18:00-22:00,False
Z010,Jayanagar,2024-09-01 17:00:00,17,13.07,984,970.93,0,02:00-06:00,18:00-22:00,False
Z010,Jayanagar,2024-09-01 18:00:00,18,16.59,984,967.41,0,02:00-06:00,18:00-22:00,False
Z010,Jayanagar,2024-09-01 19:00:00,19,22.02,984,961.98,0,02:00-06:00,18:00-22:00,False
Z010,Jayanagar,2024-09-01 20:00:00,20,29.61,984,954.39,0,02:00-06:00,18:00-22:00,False
Z010,Jayanagar,2024-09-01 21:00:00,21,32.23,984,951.77,0,02:00-06:00,18:00-22:00,False
Z010,Jayanagar,2024-09-01 22:00:00,22,30.18,984,953.82,0,02:00-06:00,18:00-22:00,False
Z010,Jayanagar,2024-09-01 23:00:00,23,23.29,984,960.71,0,02:00-06:00,18:00-22:00,False
Z011,Banashankari,2024-09-01 00:00:00,0,7.64,666,658.36,0,00:00-04:00,18:00-22:00,False
Z011,Banashankari,2024-09-01 01:00:00,1,6.14,666,659.86,0,00:00-04:00,18:00-22:00,False
Z011,Banashankari,2024-09-01 02:00:00,2,5.59,666,660.41,0,00:00-04:00,18:00-22:00,False
Z011,Banashankari,2024-09-01 03:00:00,3,5.64,666,660.36,0,00:00-04:00,18:00-22:00,False
Z011,Banashankari,2024-09-01 04:00:00,4,5.08,666,660.92,0,00:00-04:00,18:00-22:00,False
Z011,Banashankari,2024-09-01 05:00:00,5,4.78,666,661.22,0,00:00-04:00,18:00-22:00,False
Z011,Banashankari,2024-09-01 06:00:00,6,5.85,666,660.15,0,00:00-04:00,18:00-22:00,False
Z011,Banashankari,2024-09-01 07:00:00,7,6.93,666,659.07,0,00:00-04:00,18:00-22:00,False
Z011,Banashankari,2024-09-01 08:00:00,8,7.46,666,658.54,0,00:00-04:00,18:00-22:00,False
Z011,Banashankari,2024-09-01 09:00:00,9,8.35,666,657.65,0,00:00-04:00,18:00-22:00,False
Z011,Banashankari,2024-09-01 10:00:00,10,9.14,666,656.86,0,00:00-04:00,18:00-22:00,False
Z011,Banashankari,2024-09-01 11:00:00,11,10.32,666,655.68,0,00:00-04:00,18:00-22:00,False
Z011,Banashankari,2024-09-01 12:00:00,12,11.38,666,654.62,0,00:00-04:00,18:00-22:00,False
Z011,Banashankari,2024-09-01 13:00:00,13,12.61,666,653.39,0,00:00-04:00,18:00-22:00,False
Z011,Banashankari,2024-09-01 14:00:00,14,13.5,666,652.5,0,00:00-04:00,18:00-22:00,False
Z011,Banashankari,2024-09-01 15:00:00,15,15.3,666,650.7,0,00:00-04:00,18:00-22:00,False
Z011,Banashankari,2024-09-01 16:00:00,16,16.06,666,649.94,0,00:00-04:00,18:00-22:00,False
Z011,Banashankari,2024-09-01 17:00:00,17,16.58,666,649.42,0,00:00-04:00,18:00-22:00,False
Z011,Banashankari,2024-09-01 18:00:00,18,19.58,666,646.42,0,00:00-04:00,18:00-22:00,False
Z011,Banashankari,2024-09-01 19:00:00,19,21.93,666,644.07,0,00:00-04:00,18:00-22:00,False
Z011,Banashankari,2024-09-01 20:00:00,20,24.69,666,641.31,0,00:00-04:00,18:00-22:00,False
Z011,Banashankari,2024-09-01 21:00:00,21,28.53,666,637.47,0,00:00-04:00,18:00-22:00,False
Z011,Banashankari,2024-09-01 22:00:00,22,25.88,666,640.12,0,00:00-04:00,18:00-22:00,False
Z011,Banashankari,2024-09-01 23:00:00,23,19.9,666,646.1,0,00:00-04:00,18:00-22:00,False
Z012,JP Nagar,2024-09-01 00:00:00,0,5.79,513,507.21,0,00:00-04:00,18:00-22:00,False
Z012,JP Nagar,2024-09-01 01:00:00,1,4.58,513,508.42,0,00:00-04:00,18:00-22:00,False
Z012,JP Nagar,2024-09-01 02:00:00,2,4.3,513,508.7,0,00:00-04:00,18:00-22:00,False
Z012,JP Nagar,2024-09-01 03:00:00,3,4.17,513,508.83,0,00:00-04:00,18:00-22:00,False
Z012,JP Nagar,2024-09-01 04:00:00,4,4.33,513,508.67,0,00:00-04:00,18:00-22:00,False
Z012,JP Nagar,2024-09-01 05:00:00,5,4.28,513,508.72,0,00:00-04:00,18:00-22:00,False
Z012,JP Nagar,2024-09-01 06:00:00,6,6.56,513,506.44,0,00:00-04:00,18:00-22:00,False
Z012,JP Nagar,2024-09-01 07:00:00,7,7.83,513,505.17,0,00:00-04:00,18:00-22:00,False
Z012,JP Nagar,2024-09-01 08:00:00,8,8.76,513,504.24,0,00:00-04:00,18:00-22:00,False
Z012,JP Nagar,2024-09-01 09:00:00,9,10.65,513,502.35,0,00:00-04:00,18:00-22:00,False
Z012,JP Nagar,2024-09-01 10:00:00,10,12.74,513,500.26,0,00:00-04:00,18:00-22:00,False
Z012,JP Nagar,2024-09-01 11:00:00,11,13.55,513,499.45,0,00:00-04:00,18:00-22:00,False
Z012,JP Nagar,2024-09-01 12:00:00,12,13.88,513,499.12,0,00:00-04:00,18:00-22:00,False
Z012,JP Nagar,2024-09-01 13:00:00,13,14.48,513,498.52,0,00:00-04:00,18:00-22:00,False
Z012,JP Nagar,2024-09-01 14:00:00,14,15.08,513,497.92,0,00:00-04:00,18:00-22:00,False
Z012,JP Nagar,2024-09-01 15:00:00,15,15.55,513,497.45,0,00:00-04:00,18:00-22:00,False
Z012,JP Nagar,2024-09-01 16:00:00,16,16.5,513,496.5,0,00:00-04:00,18:00-22:00,False
Z012,JP Nagar,2024-09-01 17:00:00,17,17.2,513,495.8,0,00:00-04:00,18:00-22:00,False
Z012,JP Nagar,2024-09-01 18:00:00,18,19.05,513,493.95,0,00:00-04:00,18:00-22:00,False
Z012,JP Nagar,2024-09-01 19:00:00,19,24.35,513,488.65,0,00:00-04:00,18:00-22:00,False
Z012,JP Nagar,2024-09-01 20:00:00,20,27.66,513,485.34,0,00:00-04:00,18:00-22:00,False
Z012,JP Nagar,2024-09-01 21:00:00,21,28.87,513,484.13,0,00:00-04:00,18:00-22:00,False
Z012,JP Nagar,2024-09-01 22:00:00,22,26.89,513,486.11,0,00:00-04:00,18:00-22:00,False
Z012,JP Nagar,2024-09-01 23:00:00,23,18.44,513,494.56,0,00:00-04:00,18:00-22:00,False
Z013,Hebbal,2024-09-01 00:00:00,0,1.88,1539,1537.12,0,00:00-04:00,17:00-23:00,False
Z013,Hebbal,2024-09-01 01:00:00,1,1.61,1539,1537.39,0,00:00-04:00,17:00-23:00,False
Z013,Hebbal,2024-09-01 02:00:00,2,1.52,1539,1537.48,0,00:00-04:00,17:00-23:00,False
Z013,Hebbal,2024-09-01 03:00:00,3,1.55,1539,1537.45,0,00:00-04:00,17:00-23:00,False
Z013,Hebbal,2024-09-01 04:00:00,4,1.57,1539,1537.43,0,00:00-04:00,17:00-23:00,False
Z013,Hebbal,2024-09-01 05:00:00,5,1.54,1539,1537.46,0,00:00-04:00,17:00-23:00,False
Z013,Hebbal,2024-09-01 06:00:00,6,3.12,1539,1535.88,0,00:00-04:00,17:00-23:00,False
Z013,Hebbal,2024-09-01 07:00:00,7,3.64,1539,1535.36,0,00:00-04:00,17:00-23:00,False
Z013,Hebbal,2024-09-01 08:00:00,8,3.8,1539,1535.2,0,00:00-04:00,17:00-23:00,False
Z013,Hebbal,2024-09-01 09:00:00,9,4.11,1539,1534.89,0,00:00-04:00,17:00-23:00,False
Z013,Hebbal,2024-09-01 10:00:00,10,4.39,1539,1534.61,0,00:00-04:00,17:00-23:00,False
Z013,Hebbal,2024-09-01 11:00:00,11,4.58,1539,1534.42,0,00:00-04:00,17:00-23:00,False
Z013,Hebbal,2024-09-01 12:00:00,12,4.61,1539,1534.39,0,00:00-04:00,17:00-23:00,False
Z013,Hebbal,2024-09-01 13:00:00,13,4.74,1539,1534.26,0,00:00-04:00,17:00-23:00,False
Z013,Hebbal,2024-09-01 14:00:00,14,4.72,1539,1534.28,0,00:00-04:00,17:00-23:00,False
Z013,Hebbal,2024-09-01 15:00:00,15,4.95,1539,1534.05,0,00:00-04:00,17:00-23:00,False
Z013,Hebbal,2024-09-01 16:00:00,16,5.16,1539,1533.84,0,00:00-04:00,17:00-23:00,False
Z013,Hebbal,2024-09-01 17:00:00,17,5.27,1539,1533.73,0,00:00-04:00,17:00-23:00,False
Z013,Hebbal,2024-09-01 18:00:00,18,6.03,1539,1532.97,0,00:00-04:00,17:00-23:00,False
Z013,Hebbal,2024-09-01 19:00:00,19,6.69,1539,1532.31,0,00:00-04:00,17:00-23:00,False
Z013,Hebbal,2024-09-01 20:00:00,20,8.16,1539,1530.84,0,00:00-04:00,17:00-23:00,False
Z013,Hebbal,2024-09-01 21:00:00,21,9.27,1539,1529.73,0,00:00-04:00,17:00-23:00,False
Z013,Hebbal,2024-09-01 22:00:00,22,8.63,1539,1530.37,0,00:00-04:00,17:00-23:00,False
Z013,Hebbal,2024-09-01 23:00:00,23,6.11,1539,1532.89,0,00:00-04:00,17:00-23:00,False
Z014,Yelahanka,2024-09-01 00:00:00,0,10.99,1008,997.01,0,02:00-06:00,18:00-22:00,False
Z014,Yelahanka,2024-09-01 01:00:00,1,9.17,1008,998.83,0,02:00-06:00,18:00-22:00,False
Z014,Yelahanka,2024-09-01 02:00:00,2,8.1,1008,999.9,0,02:00-06:00,18:00-22:00,False
Z014,Yelahanka,2024-09-01 03:00:00,3,8.27,1008,999.73,0,02:00-06:00,18:00-22:00,False
Z014,Yelahanka,2024-09-01 04:00:00,4,8.15,1008,999.85,0,02:00-06:00,18:00-22:00,False
Z014,Yelahanka,2024-09-01 05:00:00,5,8.07,1008,999.93,0,02:00-06:00,18:00-22:00,False
Z014,Yelahanka,2024-09-01 06:00:00,6,8.94,1008,999.06,0,02:00-06:00,18:00-22:00,False
Z014,Yelahanka,2024-09-01 07:00:00,7,9.87,1008,998.13,0,02:00-06:00,18:00-22:00,False
Z014,Yelahanka,2024-09-01 08:00:00,8,9.96,1008,998.04,0,02:00-06:00,18:00-22:00,False
Z014,Yelahanka,2024-09-01 09:00:00,9,10.41,1008,997.59,0,02:00-06:00,18:00-22:00,False
Z014,Yelahanka,2024-09-01 10:00:00,10,10.69,1008,997.31,0,02:00-06:00,18:00-22:00,False
Z014,Yelahanka,2024-09-01 11:00:00,11,11.11,1008,996.89,0,02:00-06:00,18:00-22:00,False
Z014,Yelahanka,2024-09-01 12:00:00,12,11.25,1008,996.75,0,02:00-06:00,18:00-22:00,False
Z014,Yelahanka,2024-09-01 13:00:00,13,11.03,1008,996.97,0,02:00-06:00,18:00-22:00,False
Z014,Yelahanka,2024-09-01 14:00:00,14,11.27,1008,996.73,0,02:00-06:00,18:00-22:00,False
Z014,Yelahanka,2024-09-01 15:00:00,15,13.84,1008,994.16,0,02:00-06:00,18:00-22:00,False
Z014,Yelahanka,2024-09-01 16:00:00,16,16.49,1008,991.51,0,02:00-06:00,18:00-22:00,False
Z014,Yelahanka,2024-09-01 17:00:00,17,16.78,1008,991.22,0,02:00-06:00,18:00-22:00,False
Z014,Yelahanka,2024-09-01 18:00:00,18,19.55,1008,988.45,0,02:00-06:00,18:00-22:00,False
Z014,Yelahanka,2024-09-01 19:00:00,19,24.74,1008,983.26,0,02:00-06:00,18:00-22:00,False
Z014,Yelahanka,2024-09-01 20:00:00,20,35.5,1008,972.5,0,02:00-06:00,18:00-22:00,False
Z014,Yelahanka,2024-09-01 21:00:00,21,41.21,1008,966.79,0,02:00-06:00,18:00-22:00,False
Z014,Yelahanka,2024-09-01 22:00:00,22,35.56,1008,972.44,0,02:00-06:00,18:00-22:00,False
Z014,Yelahanka,2024-09-01 23:00:00,23,25.34,1008,982.66,0,02:00-06:00,18:00-22:00,False
Z015,Bagalur,2024-09-01 00:00:00,0,7.62,1161,1153.38,0,00:00-04:00,18:00-23:00,True
Z015,Bagalur,2024-09-01 01:00:00,1,6.09,1161,1154.91,0,00:00-04:00,18:00-23:00,True
Z015,Bagalur,2024-09-01 02:00:00,2,5.6,1161,1155.4,0,00:00-04:00,18:00-23:00,True
Z015,Bagalur,2024-09-01 03:00:00,3,5.01,1161,1155.99,0,00:00-04:00,18:00-23:00,True
Z015,Bagalur,2024-09-01 04:00:00,4,4.72,1161,1156.28,0,00:00-04:00,18:00-23:00,True
Z015,Bagalur,2024-09-01 05:00:00,5,4.43,1161,1156.57,0,00:00-04:00,18:00-23:00,True
Z015,Bagalur,2024-09-01 06:00:00,6,6.48,1161,1154.52,0,00:00-04:00,18:00-23:00,True
Z015,Bagalur,2024-09-01 07:00:00,7,8.03,1161,1152.97,0,00:00-04:00,18:00-23:00,True
Z015,Bagalur,2024-09-01 08:00:00,8,9.39,1161,1151.61,0,00:00-04:00,18:00-23:00,True
Z015,Bagalur,2024-09-01 09:00:00,9,10.11,1161,1150.89,0,00:00-04:00,18:00-23:00,True
Z015,Bagalur,2024-09-01 10:00:00,10,10.75,1161,1150.25,0,00:00-04:00,18:00-23:00,True
Z015,Bagalur,2024-09-01 11:00:00,11,11.63,1161,1149.37,0,00:00-04:00,18:00-23:00,True
Z015,Bagalur,2024-09-01 12:00:00,12,12.03,1161,1148.97,0,00:00-04:00,18:00-23:00,True
Z015,Bagalur,2024-09-01 13:00:00,13,12.64,1161,1148.36,0,00:00-04:00,18:00-23:00,True
Z015,Bagalur,2024-09-01 14:00:00,14,13.48,1161,1147.52,0,00:00-04:00,18:00-23:00,True
Z015,Bagalur,2024-09-01 15:00:00,15,13.78,1161,1147.22,0,00:00-04:00,18:00-23:00,True
Z015,Bagalur,2024-09-01 16:00:00,16,13.72,1161,1147.28,0,00:00-04:00,18:00-23:00,True
Z015,Bagalur,2024-09-01 17:00:00,17,13.99,1161,1147.01,0,00:00-04:00,18:00-23:00,True
Z015,Bagalur,2024-09-01 18:00:00,18,14.74,1161,1146.26,0,00:00-04:00,18:00-23:00,True
Z015,Bagalur,2024-09-01 19:00:00,19,17.38,1161,1143.62,0,00:00-04:00,18:00-23:00,True
Z015,Bagalur,2024-09-01 20:00:00,20,20.94,1161,1140.06,0,00:00-04:00,18:00-23:00,True
Z015,Bagalur,2024-09-01 21:00:00,21,23.66,1161,1137.34,0,00:00-04:00,18:00-23:00,True
Z015,Bagalur,2024-09-01 22:00:00,22,22.67,1161,1138.33,0,00:00-04:00,18:00-23:00,True
Z015,Bagalur,2024-09-01 23:00:00,23,17.54,1161,1143.46,0,00:00-04:00,18:00-23:00,True
Z016,KR Puram,2024-09-01 00:00:00,0,2.73,1971,1968.27,0,00:00-04:00,18:00-22:00,False
Z016,KR Puram,2024-09-01 01:00:00,1,2.23,1971,1968.77,0,00:00-04:00,18:00-22:00,False
Z016,KR Puram,2024-09-01 02:00:00,2,1.85,1971,1969.15,0,00:00-04:00,18:00-22:00,False
Z016,KR Puram,2024-09-01 03:00:00,3,1.75,1971,1969.25,0,00:00-04:00,18:00-22:00,False
Z016,KR Puram,2024-09-01 04:00:00,4,1.62,1971,1969.38,0,00:00-04:00,18:00-22:00,False
Z016,KR Puram,2024-09-01 05:00:00,5,1.57,1971,1969.43,0,00:00-04:00,18:00-22:00,False
Z016,KR Puram,2024-09-01 06:00:00,6,3.64,1971,1967.36,0,00:00-04:00,18:00-22:00,False
Z016,KR Puram,2024-09-01 07:00:00,7,4.06,1971,1966.94,0,00:00-04:00,18:00-22:00,False
Z016,KR Puram,2024-09-01 08:00:00,8,4.19,1971,1966.81,0,00:00-04:00,18:00-22:00,False
Z016,KR Puram,2024-09-01 09:00:00,9,4.64,1971,1966.36,0,00:00-04:00,18:00-22:00,False
Z016,KR Puram,2024-09-01 10:00:00,10,4.97,1971,1966.03,0,00:00-04:00,18:00-22:00,False
Z016,KR Puram,2024-09-01 11:00:00,11,5.25,1971,1965.75,0,00:00-04:00,18:00-22:00,False
Z016,KR Puram,2024-09-01 12:00:00,12,5.32,1971,1965.68,0,00:00-04:00,18:00-22:00,False
Z016,KR Puram,2024-09-01 13:00:00,13,5.3,1971,1965.7,0,00:00-04:00,18:00-22:00,False
Z016,KR Puram,2024-09-01 14:00:00,14,5.34,1971,1965.66,0,00:00-04:00,18:00-22:00,False
Z016,KR Puram,2024-09-01 15:00:00,15,5.89,1971,1965.11,0,00:00-04:00,18:00-22:00,False
Z016,KR Puram,2024-09-01 16:00:00,16,6.18,1971,1964.82,0,00:00-04:00,18:00-22:00,False
Z016,KR Puram,2024-09-01 17:00:00,17,6.46,1971,1964.54,0,00:00-04:00,18:00-22:00,False
Z016,KR Puram,2024-09-01 18:00:00,18,7.06,1971,1963.94,0,00:00-04:00,18:00-22:00,False
Z016,KR Puram,2024-09-01 19:00:00,19,8.37,1971,1962.63,0,00:00-04:00,18:00-22:00,False
Z016,KR Puram,2024-09-01 20:00:00,20,9.86,1971,1961.14,0,00:00-04:00,18:00-22:00,False
Z016,KR Puram,2024-09-01 21:00:00,21,10.23,1971,1960.77,0,00:00-04:00,18:00-22:00,False
Z016,KR Puram,2024-09-01 22:00:00,22,9.83,1971,1961.17,0,00:00-04:00,18:00-22:00,False
Z016,KR Puram,2024-09-01 23:00:00,23,7.64,1971,1963.36,0,00:00-04:00,18:00-22:00,False
Z017,Mahadevapura,2024-09-01 00:00:00,0,10.08,2529,2518.92,0,00:00-04:00,15:00-23:00,True
Z017,Mahadevapura,2024-09-01 01:00:00,1,8.33,2529,2520.67,0,00:00-04:00,15:00-23:00,True
Z017,Mahadevapura,2024-09-01 02:00:00,2,6.75,2529,2522.25,0,00:00-04:00,15:00-23:00,True
Z017,Mahadevapura,2024-09-01 03:00:00,3,6.43,2529,2522.57,0,00:00-04:00,15:00-23:00,True
Z017,Mahadevapura,2024-09-01 04:00:00,4,6.14,2529,2522.86,0,00:00-04:00,15:00-23:00,True
Z017,Mahadevapura,2024-09-01 05:00:00,5,5.99,2529,2523.01,0,00:00-04:00,15:00-23:00,True
Z017,Mahadevapura,2024-09-01 06:00:00,6,14.72,2529,2514.28,0,00:00-04:00,15:00-23:00,True
Z017,Mahadevapura,2024-09-01 07:00:00,7,15.84,2529,2513.16,0,00:00-04:00,15:00-23:00,True
Z017,Mahadevapura,2024-09-01 08:00:00,8,17.18,2529,2511.82,0,00:00-04:00,15:00-23:00,True
Z017,Mahadevapura,2024-09-01 09:00:00,9,21.8,2529,2507.2,0,00:00-04:00,15:00-23:00,True
Z017,Mahadevapura,2024-09-01 10:00:00,10,23.47,2529,2505.53,0,00:00-04:00,15:00-23:00,True
Z017,Mahadevapura,2024-09-01 11:00:00,11,25.42,2529,2503.58,0,00:00-04:00,15:00-23:00,True
Z017,Mahadevapura,2024-09-01 12:00:00,12,25.04,2529,2503.96,0,00:00-04:00,15:00-23:00,True
Z017,Mahadevapura,2024-09-01 13:00:00,13,24.06,2529,2504.94,0,00:00-04:00,15:00-23:00,True
Z017,Mahadevapura,2024-09-01 14:00:00,14,24.82,2529,2504.18,0,00:00-04:00,15:00-23:00,True
Z017,Mahadevapura,2024-09-01 15:00:00,15,25.04,2529,2503.96,0,00:00-04:00,15:00-23:00,True
Z017,Mahadevapura,2024-09-01 16:00:00,16,24.76,2529,2504.24,0,00:00-04:00,15:00-23:00,True
Z017,Mahadevapura,2024-09-01 17:00:00,17,25.37,2529,2503.63,0,00:00-04:00,15:00-23:00,True
Z017,Mahadevapura,2024-09-01 18:00:00,18,29.23,2529,2499.77,0,00:00-04:00,15:00-23:00,True
Z017,Mahadevapura,2024-09-01 19:00:00,19,32.48,2529,2496.52,0,00:00-04:00,15:00-23:00,True
Z017,Mahadevapura,2024-09-01 20:00:00,20,33.79,2529,2495.21,0,00:00-04:00,15:00-23:00,True
Z017,Mahadevapura,2024-09-01 21:00:00,21,34.52,2529,2494.48,0,00:00-04:00,15:00-23:00,True
Z017,Mahadevapura,2024-09-01 22:00:00,22,32.43,2529,2496.57,0,00:00-04:00,15:00-23:00,True
Z017,Mahadevapura,2024-09-01 23:00:00,23,24.44,2529,2504.56,0,00:00-04:00,15:00-23:00,True
Z018,Hoskote,2024-09-01 00:00:00,0,1.06,869,867.94,0,01:00-05:00,15:00-23:00,False
Z018,Hoskote,2024-09-01 01:00:00,1,0.82,869,868.18,0,01:00-05:00,15:00-23:00,False
Z018,Hoskote,2024-09-01 02:00:00,2,0.71,869,868.29,0,01:00-05:00,15:00-23:00,False
Z018,Hoskote,2024-09-01 03:00:00,3,0.66,869,868.34,0,01:00-05:00,15:00-23:00,False
Z018,Hoskote,2024-09-01 04:00:00,4,0.64,869,868.36,0,01:00-05:00,15:00-23:00,False
Z018,Hoskote,2024-09-01 05:00:00,5,0.64,869,868.36,0,01:00-05:00,15:00-23:00,False
Z018,Hoskote,2024-09-01 06:00:00,6,1.9,869,867.1,0,01:00-05:00,15:00-23:00,False
Z018,Hoskote,2024-09-01 07:00:00,7,2.22,869,866.78,0,01:00-05:00,15:00-23:00,False
Z018,Hoskote,2024-09-01 08:00:00,8,2.38,869,866.62,0,01:00-05:00,15:00-23:00,False
Z018,Hoskote,2024-09-01 09:00:00,9,2.61,869,866.39,0,01:00-05:00,15:00-23:00,False
Z018,Hoskote,2024-09-01 10:00:00,10,2.88,869,866.12,0,01:00-05:00,15:00-23:00,False
Z018,Hoskote,2024-09-01 11:00:00,11,2.84,869,866.16,0,01:00-05:00,15:00-23:00,False
Z018,Hoskote,2024-09-01 12:00:00,12,2.82,869,866.18,0,01:00-05:00,15:00-23:00,False
Z018,Hoskote,2024-09-01 13:00:00,13,2.86,869,866.14,0,01:00-05:00,15:00-23:00,False
Z018,Hoskote,2024-09-01 14:00:00,14,2.89,869,866.11,0,01:00-05:00,15:00-23:00,False
Z018,Hoskote,2024-09-01 15:00:00,15,2.95,869,866.05,0,01:00-05:00,15:00-23:00,False
Z018,Hoskote,2024-09-01 16:00:00,16,3.01,869,865.99,0,01:00-05:00,15:00-23:00,False
Z018,Hoskote,2024-09-01 17:00:00,17,3.16,869,865.84,0,01:00-05:00,15:00-23:00,False
Z018,Hoskote,2024-09-01 18:00:00,18,3.58,869,865.42,0,01:00-05:00,15:00-23:00,False
Z018,Hoskote,2024-09-01 19:00:00,19,3.97,869,865.03,0,01:00-05:00,15:00-23:00,False
Z018,Hoskote,2024-09-01 20:00:00,20,4.68,869,864.32,0,01:00-05:00,15:00-23:00,False
Z018,Hoskote,2024-09-01 21:00:00,21,5.14,869,863.86,0,01:00-05:00,15:00-23:00,False
Z018,Hoskote,2024-09-01 22:00:00,22,4.39,869,864.61,0,01:00-05:00,15:00-23:00,False
Z018,Hoskote,2024-09-01 23:00:00,23,2.79,869,866.21,0,01:00-05:00,15:00-23:00,False
Z019,Rajajinagar,2024-09-01 00:00:00,0,8.94,961,952.06,0,02:00-06:00,18:00-22:00,False
Z019,Rajajinagar,2024-09-01 01:00:00,1,7.78,961,953.22,0,02:00-06:00,18:00-22:00,False
Z019,Rajajinagar,2024-09-01 02:00:00,2,7.41,961,953.59,0,02:00-06:00,18:00-22:00,False
Z019,Rajajinagar,2024-09-01 03:00:00,3,7.01,961,953.99,0,02:00-06:00,18:00-22:00,False
Z019,Rajajinagar,2024-09-01 04:00:00,4,6.98,961,954.02,0,02:00-06:00,18:00-22:00,False
Z019,Rajajinagar,2024-09-01 05:00:00,5,6.57,961,954.43,0,02:00-06:00,18:00-22:00,False
Z019,Rajajinagar,2024-09-01 06:00:00,6,7.78,961,953.22,0,02:00-06:00,18:00-22:00,False
Z019,Rajajinagar,2024-09-01 07:00:00,7,8.22,961,952.78,0,02:00-06:00,18:00-22:00,False
Z019,Rajajinagar,2024-09-01 08:00:00,8,8.59,961,952.41,0,02:00-06:00,18:00-22:00,False
Z019,Rajajinagar,2024-09-01 09:00:00,9,8.85,961,952.15,0,02:00-06:00,18:00-22:00,False
Z019,Rajajinagar,2024-09-01 10:00:00,10,9.01,961,951.99,0,02:00-06:00,18:00-22:00,False
Z019,Rajajinagar,2024-09-01 11:00:00,11,9.22,961,951.78,0,02:00-06:00,18:00-22:00,False
Z019,Rajajinagar,2024-09-01 12:00:00,12,9.95,961,951.05,0,02:00-06:00,18:00-22:00,False
Z019,Rajajinagar,2024-09-01 13:00:00,13,10.47,961,950.53,0,02:00-06:00,18:00-22:00,False
Z019,Rajajinagar,2024-09-01 14:00:00,14,10.62,961,950.38,0,02:00-06:00,18:00-22:00,False
Z019,Rajajinagar,2024-09-01 15:00:00,15,11.28,961,949.72,0,02:00-06:00,18:00-22:00,False
Z019,Rajajinagar,2024-09-01 16:00:00,16,12.04,961,948.96,0,02:00-06:00,18:00-22:00,False
Z019,Rajajinagar,2024-09-01 17:00:00,17,12.23,961,948.77,0,02:00-06:00,18:00-22:00,False
Z019,Rajajinagar,2024-09-01 18:00:00,18,16.39,961,944.61,0,02:00-06:00,18:00-22:00,False
Z019,Rajajinagar,2024-09-01 19:00:00,19,20.62,961,940.38,0,02:00-06:00,18:00-22:00,False
Z019,Rajajinagar,2024-09-01 20:00:00,20,26.24,961,934.76,0,02:00-06:00,18:00-22:00,False
Z019,Rajajinagar,2024-09-01 21:00:00,21,30.72,961,930.28,0,02:00-06:00,18:00-22:00,False
Z019,Rajajinagar,2024-09-01 22:00:00,22,27.21,961,933.79,0,02:00-06:00,18:00-22:00,False
Z019,Rajajinagar,2024-09-01 23:00:00,23,20.57,961,940.43,0,02:00-06:00,18:00-22:00,False
Z020,Malleswaram,2024-09-01 00:00:00,0,10.57,1295,1284.43,0,01:00-05:00,18:00-23:00,True
Z020,Malleswaram,2024-09-01 01:00:00,1,9.09,1295,1285.91,0,01:00-05:00,18:00-23:00,True
Z020,Malleswaram,2024-09-01 02:00:00,2,8.31,1295,1286.69,0,01:00-05:00,18:00-23:00,True
Z020,Malleswaram,2024-09-01 03:00:00,3,7.92,1295,1287.08,0,01:00-05:00,18:00-23:00,True
Z020,Malleswaram,2024-09-01 04:00:00,4,7.71,1295,1287.29,0,01:00-05:00,18:00-23:00,True
Z020,Malleswaram,2024-09-01 05:00:00,5,7.59,1295,1287.41,0,01:00-05:00,18:00-23:00,True
Z020,Malleswaram,2024-09-01 06:00:00,6,8.73,1295,1286.27,0,01:00-05:00,18:00-23:00,True
Z020,Malleswaram,2024-09-01 07:00:00,7,9.5,1295,1285.5,0,01:00-05:00,18:00-23:00,True
Z020,Malleswaram,2024-09-01 08:00:00,8,10.04,1295,1284.96,0,01:00-05:00,18:00-23:00,True
Z020,Malleswaram,2024-09-01 09:00:00,9,11.52,1295,1283.48,0,01:00-05:00,18:00-23:00,True
Z020,Malleswaram,2024-09-01 10:00:00,10,12.59,1295,1282.41,0,01:00-05:00,18:00-23:00,True
Z020,Malleswaram,2024-09-01 11:00:00,11,14.19,1295,1280.81,0,01:00-05:00,18:00-23:00,True
Z020,Malleswaram,2024-09-01 12:00:00,12,14.54,1295,1280.46,0,01:00-05:00,18:00-23:00,True
Z020,Malleswaram,2024-09-01 13:00:00,13,15.29,1295,1279.71,0,01:00-05:00,18:00-23:00,True
Z020,Malleswaram,2024-09-01 14:00:00,14,15.84,1295,1279.16,0,01:00-05:00,18:00-23:00,True
Z020,Malleswaram,2024-09-01 15:00:00,15,16.82,1295,1278.18,0,01:00-05:00,18:00-23:00,True
Z020,Malleswaram,2024-09-01 16:00:00,16,17.75,1295,1277.25,0,01:00-05:00,18:00-23:00,True
Z020,Malleswaram,2024-09-01 17:00:00,17,18.29,1295,1276.71,0,01:00-05:00,18:00-23:00,True
Z020,Malleswaram,2024-09-01 18:00:00,18,21.38,1295,1273.62,0,01:00-05:00,18:00-23:00,True
Z020,Malleswaram,2024-09-01 19:00:00,19,26.09,1295,1268.91,0,01:00-05:00,18:00-23:00,True
Z020,Malleswaram,2024-09-01 20:00:00,20,28.73,1295,1266.27,0,01:00-05:00,18:00-23:00,True
Z020,Malleswaram,2024-09-01 21:00:00,21,30.42,1295,1264.58,0,01:00-05:00,18:00-23:00,True
Z020,Malleswaram,2024-09-01 22:00:00,22,30.21,1295,1264.79,0,01:00-05:00,18:00-23:00,True
Z020,Malleswaram,2024-09-01 23:00:00,23,23.04,1295,1271.96,0,01:00-05:00,18:00-23:00,True
Z021,Yeshwanthpur,2024-09-01 00:00:00,0,1.88,1791,1789.12,0,02:00-06:00,19:00-22:00,False
Z021,Yeshwanthpur,2024-09-01 01:00:00,1,1.43,1791,1789.57,0,02:00-06:00,19:00-22:00,False
Z021,Yeshwanthpur,2024-09-01 02:00:00,2,1.18,1791,1789.82,0,02:00-06:00,19:00-22:00,False
Z021,Yeshwanthpur,2024-09-01 03:00:00,3,1.17,1791,1789.83,0,02:00-06:00,19:00-22:00,False
Z021,Yeshwanthpur,2024-09-01 04:00:00,4,1.26,1791,1789.74,0,02:00-06:00,19:00-22:00,False
Z021,Yeshwanthpur,2024-09-01 05:00:00,5,1.26,1791,1789.74,0,02:00-06:00,19:00-22:00,False
Z021,Yeshwanthpur,2024-09-01 06:00:00,6,2.67,1791,1788.33,0,02:00-06:00,19:00-22:00,False
Z021,Yeshwanthpur,2024-09-01 07:00:00,7,3.14,1791,1787.86,0,02:00-06:00,19:00-22:00,False
Z021,Yeshwanthpur,2024-09-01 08:00:00,8,3.44,1791,1787.56,0,02:00-06:00,19:00-22:00,False
Z021,Yeshwanthpur,2024-09-01 09:00:00,9,3.78,1791,1787.22,0,02:00-06:00,19:00-22:00,False
Z021,Yeshwanthpur,2024-09-01 10:00:00,10,3.9,1791,1787.1,0,02:00-06:00,19:00-22:00,False
Z021,Yeshwanthpur,2024-09-01 11:00:00,11,4.08,1791,1786.92,0,02:00-06:00,19:00-22:00,False
Z021,Yeshwanthpur,2024-09-01 12:00:00,12,4.07,1791,1786.93,0,02:00-06:00,19:00-22:00,False
Z021,Yeshwanthpur,2024-09-01 13:00:00,13,4.25,1791,1786.75,0,02:00-06:00,19:00-22:00,False
Z021,Yeshwanthpur,2024-09-01 14:00:00,14,4.39,1791,1786.61,0,02:00-06:00,19:00-22:00,False
Z021,Yeshwanthpur,2024-09-01 15:00:00,15,4.58,1791,1786.42,0,02:00-06:00,19:00-22:00,False
Z021,Yeshwanthpur,2024-09-01 16:00:00,16,4.68,1791,1786.32,0,02:00-06:00,19:00-22:00,False
Z021,Yeshwanthpur,2024-09-01 17:00:00,17,4.9,1791,1786.1,0,02:00-06:00,19:00-22:00,False
Z021,Yeshwanthpur,2024-09-01 18:00:00,18,5.37,1791,1785.63,0,02:00-06:00,19:00-22:00,False
Z021,Yeshwanthpur,2024-09-01 19:00:00,19,6.84,1791,1784.16,0,02:00-06:00,19:00-22:00,False
Z021,Yeshwanthpur,2024-09-01 20:00:00,20,7.44,1791,1783.56,0,02:00-06:00,19:00-22:00,False
Z021,Yeshwanthpur,2024-09-01 21:00:00,21,8.42,1791,1782.58,0,02:00-06:00,19:00-22:00,False
Z021,Yeshwanthpur,2024-09-01 22:00:00,22,7.55,1791,1783.45,0,02:00-06:00,19:00-22:00,False
Z021,Yeshwanthpur,2024-09-01 23:00:00,23,5.78,1791,1785.22,0,02:00-06:00,19:00-22:00,False
Z022,Tumkur Road,2024-09-01 00:00:00,0,0.96,979,978.04,0,01:00-05:00,15:00-23:00,False
Z022,Tumkur Road,2024-09-01 01:00:00,1,0.63,979,978.37,0,01:00-05:00,15:00-23:00,False
Z022,Tumkur Road,2024-09-01 02:00:00,2,0.59,979,978.41,0,01:00-05:00,15:00-23:00,False
Z022,Tumkur Road,2024-09-01 03:00:00,3,0.62,979,978.38,0,01:00-05:00,15:00-23:00,False
Z022,Tumkur Road,2024-09-01 04:00:00,4,0.59,979,978.41,0,01:00-05:00,15:00-23:00,False
Z022,Tumkur Road,2024-09-01 05:00:00,5,0.61,979,978.39,0,01:00-05:00,15:00-23:00,False
Z022,Tumkur Road,2024-09-01 06:00:00,6,1.4,979,977.6,0,01:00-05:00,15:00-23:00,False
Z022,Tumkur Road,2024-09-01 07:00:00,7,1.62,979,977.38,0,01:00-05:00,15:00-23:00,False
Z022,Tumkur Road,2024-09-01 08:00:00,8,1.77,979,977.23,0,01:00-05:00,15:00-23:00,False
Z022,Tumkur Road,2024-09-01 09:00:00,9,2.11,979,976.89,0,01:00-05:00,15:00-23:00,False
Z022,Tumkur Road,2024-09-01 10:00:00,10,2.32,979,976.68,0,01:00-05:00,15:00-23:00,False
Z022,Tumkur Road,2024-09-01 11:00:00,11,2.4,979,976.6,0,01:00-05:00,15:00-23:00,False
Z022,Tumkur Road,2024-09-01 12:00:00,12,2.46,979,976.54,0,01:00-05:00,15:00-23:00,False
Z022,Tumkur Road,2024-09-01 13:00:00,13,2.52,979,976.48,0,01:00-05:00,15:00-23:00,False
Z022,Tumkur Road,2024-09-01 14:00:00,14,2.53,979,976.47,0,01:00-05:00,15:00-23:00,False
Z022,Tumkur Road,2024-09-01 15:00:00,15,2.61,979,976.39,0,01:00-05:00,15:00-23:00,False
Z022,Tumkur Road,2024-09-01 16:00:00,16,2.67,979,976.33,0,01:00-05:00,15:00-23:00,False
Z022,Tumkur Road,2024-09-01 17:00:00,17,2.64,979,976.36,0,01:00-05:00,15:00-23:00,False
Z022,Tumkur Road,2024-09-01 18:00:00,18,2.95,979,976.05,0,01:00-05:00,15:00-23:00,False
Z022,Tumkur Road,2024-09-01 19:00:00,19,3.4,979,975.6,0,01:00-05:00,15:00-23:00,False
Z022,Tumkur Road,2024-09-01 20:00:00,20,3.96,979,975.04,0,01:00-05:00,15:00-23:00,False
Z022,Tumkur Road,2024-09-01 21:00:00,21,4.01,979,974.99,0,01:00-05:00,15:00-23:00,False
Z022,Tumkur Road,2024-09-01 22:00:00,22,3.87,979,975.13,0,01:00-05:00,15:00-23:00,False
Z022,Tumkur Road,2024-09-01 23:00:00,23,2.54,979,976.46,0,01:00-05:00,15:00-23:00,False
Z023,Peenya,2024-09-01 00:00:00,0,0.46,1864,1863.54,0,01:00-05:00,18:00-23:00,False
Z023,Peenya,2024-09-01 01:00:00,1,0.32,1864,1863.68,0,01:00-05:00,18:00-23:00,False
Z023,Peenya,2024-09-01 02:00:00,2,0.33,1864,1863.67,0,01:00-05:00,18:00-23:00,False
Z023,Peenya,2024-09-01 03:00:00,3,0.32,1864,1863.68,0,01:00-05:00,18:00-23:00,False
Z023,Peenya,2024-09-01 04:00:00,4,0.33,1864,1863.67,0,01:00-05:00,18:00-23:00,False
Z023,Peenya,2024-09-01 05:00:00,5,0.33,1864,1863.67,0,01:00-05:00,18:00-23:00,False
Z023,Peenya,2024-09-01 06:00:00,6,0.99,1864,1863.01,0,01:00-05:00,18:00-23:00,False
Z023,Peenya,2024-09-01 07:00:00,7,1.14,1864,1862.86,0,01:00-05:00,18:00-23:00,False
Z023,Peenya,2024-09-01 08:00:00,8,1.21,1864,1862.79,0,01:00-05:00,18:00-23:00,False
Z023,Peenya,2024-09-01 09:00:00,9,1.23,1864,1862.77,0,01:00-05:00,18:00-23:00,False
Z023,Peenya,2024-09-01 10:00:00,10,1.42,1864,1862.58,0,01:00-05:00,18:00-23:00,False
Z023,Peenya,2024-09-01 11:00:00,11,1.43,1864,1862.57,0,01:00-05:00,18:00-23:00,False
Z023,Peenya,2024-09-01 12:00:00,12,1.42,1864,1862.58,0,01:00-05:00,18:00-23:00,False
Z023,Peenya,2024-09-01 13:00:00,13,1.39,1864,1862.61,0,01:00-05:00,18:00-23:00,False
Z023,Peenya,2024-09-01 14:00:00,14,1.42,1864,1862.58,0,01:00-05:00,18:00-23:00,False
Z023,Peenya,2024-09-01 15:00:00,15,1.48,1864,1862.52,0,01:00-05:00,18:00-23:00,False
Z023,Peenya,2024-09-01 16:00:00,16,1.5,1864,1862.5,0,01:00-05:00,18:00-23:00,False
Z023,Peenya,2024-09-01 17:00:00,17,1.49,1864,1862.51,0,01:00-05:00,18:00-23:00,False
Z023,Peenya,2024-09-01 18:00:00,18,1.74,1864,1862.26,0,01:00-05:00,18:00-23:00,False
Z023,Peenya,2024-09-01 19:00:00,19,2.43,1864,1861.57,0,01:00-05:00,18:00-23:00,False
Z023,Peenya,2024-09-01 20:00:00,20,2.75,1864,1861.25,0,01:00-05:00,18:00-23:00,False
Z023,Peenya,2024-09-01 21:00:00,21,2.91,1864,1861.09,0,01:00-05:00,18:00-23:00,False
Z023,Peenya,2024-09-01 22:00:00,22,2.24,1864,1861.76,0,01:00-05:00,18:00-23:00,False
Z023,Peenya,2024-09-01 23:00:00,23,1.55,1864,1862.45,0,01:00-05:00,18:00-23:00,False
Z024,Dasarahalli,2024-09-01 00:00:00,0,1.81,2447,2445.19,0,00:00-04:00,18:00-23:00,False
Z024,Dasarahalli,2024-09-01 01:00:00,1,1.17,2447,2445.83,0,00:00-04:00,18:00-23:00,False
Z024,Dasarahalli,2024-09-01 02:00:00,2,1.13,2447,2445.87,0,00:00-04:00,18:00-23:00,False
Z024,Dasarahalli,2024-09-01 03:00:00,3,1.04,2447,2445.96,0,00:00-04:00,18:00-23:00,False
Z024,Dasarahalli,2024-09-01 04:00:00,4,0.97,2447,2446.03,0,00:00-04:00,18:00-23:00,False
Z024,Dasarahalli,2024-09-01 05:00:00,5,1.09,2447,2445.91,0,00:00-04:00,18:00-23:00,False
Z024,Dasarahalli,2024-09-01 06:00:00,6,2.55,2447,2444.45,0,00:00-04:00,18:00-23:00,False
Z024,Dasarahalli,2024-09-01 07:00:00,7,3.27,2447,2443.73,0,00:00-04:00,18:00-23:00,False
Z024,Dasarahalli,2024-09-01 08:00:00,8,3.44,2447,2443.56,0,00:00-04:00,18:00-23:00,False
Z024,Dasarahalli,2024-09-01 09:00:00,9,3.66,2447,2443.34,0,00:00-04:00,18:00-23:00,False
Z024,Dasarahalli,2024-09-01 10:00:00,10,4.01,2447,2442.99,0,00:00-04:00,18:00-23:00,False
Z024,Dasarahalli,2024-09-01 11:00:00,11,4.06,2447,2442.94,0,00:00-04:00,18:00-23:00,False
Z024,Dasarahalli,2024-09-01 12:00:00,12,4.05,2447,2442.95,0,00:00-04:00,18:00-23:00,False
Z024,Dasarahalli,2024-09-01 13:00:00,13,4.21,2447,2442.79,0,00:00-04:00,18:00-23:00,False
Z024,Dasarahalli,2024-09-01 14:00:00,14,4.26,2447,2442.74,0,00:00-04:00,18:00-23:00,False
Z024,Dasarahalli,2024-09-01 15:00:00,15,4.4,2447,2442.6,0,00:00-04:00,18:00-23:00,False
Z024,Dasarahalli,2024-09-01 16:00:00,16,4.52,2447,2442.48,0,00:00-04:00,18:00-23:00,False
Z024,Dasarahalli,2024-09-01 17:00:00,17,4.53,2447,2442.47,0,00:00-04:00,18:00-23:00,False
Z024,Dasarahalli,2024-09-01 18:00:00,18,5.31,2447,2441.69,0,00:00-04:00,18:00-23:00,False
Z024,Dasarahalli,2024-09-01 19:00:00,19,6.28,2447,2440.72,0,00:00-04:00,18:00-23:00,False
Z024,Dasarahalli,2024-09-01 20:00:00,20,6.85,2447,2440.15,0,00:00-04:00,18:00-23:00,False
Z024,Dasarahalli,2024-09-01 21:00:00,21,7.21,2447,2439.79,0,00:00-04:00,18:00-23:00,False
Z024,Dasarahalli,2024-09-01 22:00:00,22,6.34,2447,2440.66,0,00:00-04:00,18:00-23:00,False
Z024,Dasarahalli,2024-09-01 23:00:00,23,4.83,2447,2442.17,0,00:00-04:00,18:00-23:00,False
Z025,Kengeri,2024-09-01 00:00:00,0,12.52,891,878.48,0,00:00-04:00,18:00-22:00,False
Z025,Kengeri,2024-09-01 01:00:00,1,9.62,891,881.38,0,00:00-04:00,18:00-22:00,False
Z025,Kengeri,2024-09-01 02:00:00,2,8.45,891,882.55,0,00:00-04:00,18:00-22:00,False
Z025,Kengeri,2024-09-01 03:00:00,3,8.1,891,882.9,0,00:00-04:00,18:00-22:00,False
Z025,Kengeri,2024-09-01 04:00:00,4,7.54,891,883.46,0,00:00-04:00,18:00-22:00,False
Z025,Kengeri,2024-09-01 05:00:00,5,7.43,891,883.57,0,00:00-04:00,18:00-22:00,False
Z025,Kengeri,2024-09-01 06:00:00,6,9.02,891,881.98,0,00:00-04:00,18:00-22:00,False
Z025,Kengeri,2024-09-01 07:00:00,7,9.97,891,881.03,0,00:00-04:00,18:00-22:00,False
Z025,Kengeri,2024-09-01 08:00:00,8,10.68,891,880.32,0,00:00-04:00,18:00-22:00,False
Z025,Kengeri,2024-09-01 09:00:00,9,14.4,891,876.6,0,00:00-04:00,18:00-22:00,False
Z025,Kengeri,2024-09-01 10:00:00,10,16.35,891,874.65,0,00:00-04:00,18:00-22:00,False
Z025,Kengeri,2024-09-01 11:00:00,11,18.58,891,872.42,0,00:00-04:00,18:00-22:00,False
Z025,Kengeri,2024-09-01 12:00:00,12,19.39,891,871.61,0,00:00-04:00,18:00-22:00,False
Z025,Kengeri,2024-09-01 13:00:00,13,21.02,891,869.98,0,00:00-04:00,18:00-22:00,False
Z025,Kengeri,2024-09-01 14:00:00,14,22.81,891,868.19,0,00:00-04:00,18:00-22:00,False
Z025,Kengeri,2024-09-01 15:00:00,15,23.7,891,867.3,0,00:00-04:00,18:00-22:00,False
Z025,Kengeri,2024-09-01 16:00:00,16,23.98,891,867.02,0,00:00-04:00,18:00-22:00,False
Z025,Kengeri,2024-09-01 17:00:00,17,23.71,891,867.29,0,00:00-04:00,18:00-22:00,False
Z025,Kengeri,2024-09-01 18:00:00,18,26.38,891,864.62,0,00:00-04:00,18:00-22:00,False
Z025,Kengeri,2024-09-01 19:00:00,19,31.85,891,859.15,0,00:00-04:00,18:00-22:00,False
Z025,Kengeri,2024-09-01 20:00:00,20,39.55,891,851.45,0,00:00-04:00,18:00-22:00,False
Z025,Kengeri,2024-09-01 21:00:00,21,42.79,891,848.21,0,00:00-04:00,18:00-22:00,False
Z025,Kengeri,2024-09-01 22:00:00,22,37.23,891,853.77,0,00:00-04:00,18:00-22:00,False
Z025,Kengeri,2024-09-01 23:00:00,23,27.82,891,863.18,0,00:00-04:00,18:00-22:00,False
Z026,Uttarahalli,2024-09-01 00:00:00,0,7.19,989,981.81,0,00:00-04:00,18:00-22:00,False
Z026,Uttarahalli,2024-09-01 01:00:00,1,6.2,989,982.8,0,00:00-04:00,18:00-22:00,False
Z026,Uttarahalli,2024-09-01 02:00:00,2,5.19,989,983.81,0,00:00-04:00,18:00-22:00,False
Z026,Uttarahalli,2024-09-01 03:00:00,3,4.84,989,984.16,0,00:00-04:00,18:00-22:00,False
Z026,Uttarahalli,2024-09-01 04:00:00,4,4.66,989,984.34,0,00:00-04:00,18:00-22:00,False
Z026,Uttarahalli,2024-09-01 05:00:00,5,4.48,989,984.52,0,00:00-04:00,18:00-22:00,False
Z026,Uttarahalli,2024-09-01 06:00:00,6,5.89,989,983.11,0,00:00-04:00,18:00-22:00,False
Z026,Uttarahalli,2024-09-01 07:00:00,7,6.48,989,982.52,0,00:00-04:00,18:00-22:00,False
Z026,Uttarahalli,2024-09-01 08:00:00,8,7.16,989,981.84,0,00:00-04:00,18:00-22:00,False
Z026,Uttarahalli,2024-09-01 09:00:00,9,7.47,989,981.53,0,00:00-04:00,18:00-22:00,False
Z026,Uttarahalli,2024-09-01 10:00:00,10,7.93,989,981.07,0,00:00-04:00,18:00-22:00,False
Z026,Uttarahalli,2024-09-01 11:00:00,11,8.18,989,980.82,0,00:00-04:00,18:00-22:00,False
Z026,Uttarahalli,2024-09-01 12:00:00,12,8.31,989,980.69,0,00:00-04:00,18:00-22:00,False
Z026,Uttarahalli,2024-09-01 13:00:00,13,8.72,989,980.28,0,00:00-04:00,18:00-22:00,False
Z026,Uttarahalli,2024-09-01 14:00:00,14,8.76,989,980.24,0,00:00-04:00,18:00-22:00,False
Z026,Uttarahalli,2024-09-01 15:00:00,15,9.14,989,979.86,0,00:00-04:00,18:00-22:00,False
Z026,Uttarahalli,2024-09-01 16:00:00,16,9.3,989,979.7,0,00:00-04:00,18:00-22:00,False
Z026,Uttarahalli,2024-09-01 17:00:00,17,9.16,989,979.84,0,00:00-04:00,18:00-22:00,False
Z026,Uttarahalli,2024-09-01 18:00:00,18,8.87,989,980.13,0,00:00-04:00,18:00-22:00,False
Z026,Uttarahalli,2024-09-01 19:00:00,19,15.06,989,973.94,0,00:00-04:00,18:00-22:00,False
Z026,Uttarahalli,2024-09-01 20:00:00,20,18.96,989,970.04,0,00:00-04:00,18:00-22:00,False
Z026,Uttarahalli,2024-09-01 21:00:00,21,20.91,989,968.09,0,00:00-04:00,18:00-22:00,False
Z026,Uttarahalli,2024-09-01 22:00:00,22,20.32,989,968.68,0,00:00-04:00,18:00-22:00,False
Z026,Uttarahalli,2024-09-01 23:00:00,23,16.37,989,972.63,0,00:00-04:00,18:00-22:00,False
Z027,Mysore Road,2024-09-01 00:00:00,0,0.45,800,799.55,0,00:00-04:00,15:00-23:00,False
Z027,Mysore Road,2024-09-01 01:00:00,1,0.33,800,799.67,0,00:00-04:00,15:00-23:00,False
Z027,Mysore Road,2024-09-01 02:00:00,2,0.31,800,799.69,0,00:00-04:00,15:00-23:00,False
Z027,Mysore Road,2024-09-01 03:00:00,3,0.31,800,799.69,0,00:00-04:00,15:00-23:00,False
Z027,Mysore Road,2024-09-01 04:00:00,4,0.31,800,799.69,0,00:00-04:00,15:00-23:00,False
Z027,Mysore Road,2024-09-01 05:00:00,5,0.31,800,799.69,0,00:00-04:00,15:00-23:00,False
Z027,Mysore Road,2024-09-01 06:00:00,6,1.01,800,798.99,0,00:00-04:00,15:00-23:00,False
Z027,Mysore Road,2024-09-01 07:00:00,7,1.12,800,798.88,0,00:00-04:00,15:00-23:00,False
Z027,Mysore Road,2024-09-01 08:00:00,8,1.2,800,798.8,0,00:00-04:00,15:00-23:00,False
Z027,Mysore Road,2024-09-01 09:00:00,9,1.39,800,798.61,0,00:00-04:00,15:00-23:00,False
Z027,Mysore Road,2024-09-01 10:00:00,10,1.49,800,798.51,0,00:00-04:00,15:00-23:00,False
Z027,Mysore Road,2024-09-01 11:00:00,11,1.67,800,798.33,0,00:00-04:00,15:00-23:00,False
Z027,Mysore Road,2024-09-01 12:00:00,12,1.53,800,798.47,0,00:00-04:00,15:00-23:00,False
Z027,Mysore Road,2024-09-01 13:00:00,13,1.56,800,798.44,0,00:00-04:00,15:00-23:00,False
Z027,Mysore Road,2024-09-01 14:00:00,14,1.43,800,798.57,0,00:00-04:00,15:00-23:00,False
Z027,Mysore Road,2024-09-01 15:00:00,15,1.55,800,798.45,0,00:00-04:00,15:00-23:00,False
Z027,Mysore Road,2024-09-01 16:00:00,16,1.56,800,798.44,0,00:00-04:00,15:00-23:00,False
Z027,Mysore Road,2024-09-01 17:00:00,17,1.6,800,798.4,0,00:00-04:00,15:00-23:00,False
Z027,Mysore Road,2024-09-01 18:00:00,18,2.05,800,797.95,0,00:00-04:00,15:00-23:00,False
Z027,Mysore Road,2024-09-01 19:00:00,19,2.45,800,797.55,0,00:00-04:00,15:00-23:00,False
Z027,Mysore Road,2024-09-01 20:00:00,20,2.83,800,797.17,0,00:00-04:00,15:00-23:00,False
Z027,Mysore Road,2024-09-01 21:00:00,21,2.93,800,797.07,0,00:00-04:00,15:00-23:00,False
Z027,Mysore Road,2024-09-01 22:00:00,22,2.43,800,797.57,0,00:00-04:00,15:00-23:00,False
Z027,Mysore Road,2024-09-01 23:00:00,23,1.38,800,798.62,0,00:00-04:00,15:00-23:00,False
Z028,Bannerghatta Road,2024-09-01 00:00:00,0,0.9,1606,1605.1,0,01:00-05:00,17:00-23:00,False
Z028,Bannerghatta Road,2024-09-01 01:00:00,1,0.59,1606,1605.41,0,01:00-05:00,17:00-23:00,False
Z028,Bannerghatta Road,2024-09-01 02:00:00,2,0.58,1606,1605.42,0,01:00-05:00,17:00-23:00,False
Z028,Bannerghatta Road,2024-09-01 03:00:00,3,0.53,1606,1605.47,0,01:00-05:00,17:00-23:00,False
Z028,Bannerghatta Road,2024-09-01 04:00:00,4,0.54,1606,1605.46,0,01:00-05:00,17:00-23:00,False
Z028,Bannerghatta Road,2024-09-01 05:00:00,5,0.5,1606,1605.5,0,01:00-05:00,17:00-23:00,False
Z028,Bannerghatta Road,2024-09-01 06:00:00,6,1.65,1606,1604.35,0,01:00-05:00,17:00-23:00,False
Z028,Bannerghatta Road,2024-09-01 07:00:00,7,1.82,1606,1604.18,0,01:00-05:00,17:00-23:00,False
Z028,Bannerghatta Road,2024-09-01 08:00:00,8,1.97,1606,1604.03,0,01:00-05:00,17:00-23:00,False
Z028,Bannerghatta Road,2024-09-01 09:00:00,9,2.52,1606,1603.48,0,01:00-05:00,17:00-23:00,False
Z028,Bannerghatta Road,2024-09-01 10:00:00,10,2.68,1606,1603.32,0,01:00-05:00,17:00-23:00,False
Z028,Bannerghatta Road,2024-09-01 11:00:00,11,2.73,1606,1603.27,0,01:00-05:00,17:00-23:00,False
Z028,Bannerghatta Road,2024-09-01 12:00:00,12,2.73,1606,1603.27,0,01:00-05:00,17:00-23:00,False
Z028,Bannerghatta Road,2024-09-01 13:00:00,13,2.74,1606,1603.26,0,01:00-05:00,17:00-23:00,False
Z028,Bannerghatta Road,2024-09-01 14:00:00,14,2.75,1606,1603.25,0,01:00-05:00,17:00-23:00,False
Z028,Bannerghatta Road,2024-09-01 15:00:00,15,2.94,1606,1603.06,0,01:00-05:00,17:00-23:00,False
Z028,Bannerghatta Road,2024-09-01 16:00:00,16,2.93,1606,1603.07,0,01:00-05:00,17:00-23:00,False
Z028,Bannerghatta Road,2024-09-01 17:00:00,17,2.82,1606,1603.18,0,01:00-05:00,17:00-23:00,False
Z028,Bannerghatta Road,2024-09-01 18:00:00,18,3.29,1606,1602.71,0,01:00-05:00,17:00-23:00,False
Z028,Bannerghatta Road,2024-09-01 19:00:00,19,3.5,1606,1602.5,0,01:00-05:00,17:00-23:00,False
Z028,Bannerghatta Road,2024-09-01 20:00:00,20,3.6,1606,1602.4,0,01:00-05:00,17:00-23:00,False
Z028,Bannerghatta Road,2024-09-01 21:00:00,21,3.57,1606,1602.43,0,01:00-05:00,17:00-23:00,False
Z028,Bannerghatta Road,2024-09-01 22:00:00,22,3.56,1606,1602.44,0,01:00-05:00,17:00-23:00,False
Z028,Bannerghatta Road,2024-09-01 23:00:00,23,2.56,1606,1603.44,0,01:00-05:00,17:00-23:00,False
Z029,Electronic City Phase 2,2024-09-01 00:00:00,0,0.71,2525,2524.29,0,00:00-04:00,15:00-23:00,False
Z029,Electronic City Phase 2,2024-09-01 01:00:00,1,0.43,2525,2524.57,0,00:00-04:00,15:00-23:00,False
Z029,Electronic City Phase 2,2024-09-01 02:00:00,2,0.52,2525,2524.48,0,00:00-04:00,15:00-23:00,False
Z029,Electronic City Phase 2,2024-09-01 03:00:00,3,0.52,2525,2524.48,0,00:00-04:00,15:00-23:00,False
Z029,Electronic City Phase 2,2024-09-01 04:00:00,4,0.52,2525,2524.48,0,00:00-04:00,15:00-23:00,False
Z029,Electronic City Phase 2,2024-09-01 05:00:00,5,0.52,2525,2524.48,0,00:00-04:00,15:00-23:00,False
Z029,Electronic City Phase 2,2024-09-01 06:00:00,6,1.24,2525,2523.76,0,00:00-04:00,15:00-23:00,False
Z029,Electronic City Phase 2,2024-09-01 07:00:00,7,1.41,2525,2523.59,0,00:00-04:00,15:00-23:00,False
Z029,Electronic City Phase 2,2024-09-01 08:00:00,8,1.49,2525,2523.51,0,00:00-04:00,15:00-23:00,False
Z029,Electronic City Phase 2,2024-09-01 09:00:00,9,1.59,2525,2523.41,0,00:00-04:00,15:00-23:00,False
Z029,Electronic City Phase 2,2024-09-01 10:00:00,10,1.64,2525,2523.36,0,00:00-04:00,15:00-23:00,False
Z029,Electronic City Phase 2,2024-09-01 11:00:00,11,1.65,2525,2523.35,0,00:00-04:00,15:00-23:00,False
Z029,Electronic City Phase 2,2024-09-01 12:00:00,12,1.68,2525,2523.32,0,00:00-04:00,15:00-23:00,False
Z029,Electronic City Phase 2,2024-09-01 13:00:00,13,1.72,2525,2523.28,0,00:00-04:00,15:00-23:00,False
Z029,Electronic City Phase 2,2024-09-01 14:00:00,14,1.66,2525,2523.34,0,00:00-04:00,15:00-23:00,False
Z029,Electronic City Phase 2,2024-09-01 15:00:00,15,1.71,2525,2523.29,0,00:00-04:00,15:00-23:00,False
Z029,Electronic City Phase 2,2024-09-01 16:00:00,16,1.8,2525,2523.2,0,00:00-04:00,15:00-23:00,False
Z029,Electronic City Phase 2,2024-09-01 17:00:00,17,1.84,2525,2523.16,0,00:00-04:00,15:00-23:00,False
Z029,Electronic City Phase 2,2024-09-01 18:00:00,18,2.08,2525,2522.92,0,00:00-04:00,15:00-23:00,False
Z029,Electronic City Phase 2,2024-09-01 19:00:00,19,2.73,2525,2522.27,0,00:00-04:00,15:00-23:00,False
Z029,Electronic City Phase 2,2024-09-01 20:00:00,20,3.3,2525,2521.7,0,00:00-04:00,15:00-23:00,False
Z029,Electronic City Phase 2,2024-09-01 21:00:00,21,3.39,2525,2521.61,0,00:00-04:00,15:00-23:00,False
Z029,Electronic City Phase 2,2024-09-01 22:00:00,22,2.67,2525,2522.33,0,00:00-04:00,15:00-23:00,False
Z029,Electronic City Phase 2,2024-09-01 23:00:00,23,1.83,2525,2523.17,0,00:00-04:00,15:00-23:00,False
Z030,Bommanahalli,2024-09-01 00:00:00,0,10.72,961,950.28,0,01:00-05:00,18:00-22:00,False
Z030,Bommanahalli,2024-09-01 01:00:00,1,8.64,961,952.36,0,01:00-05:00,18:00-22:00,False
Z030,Bommanahalli,2024-09-01 02:00:00,2,7.73,961,953.27,0,01:00-05:00,18:00-22:00,False
Z030,Bommanahalli,2024-09-01 03:00:00,3,7.02,961,953.98,0,01:00-05:00,18:00-22:00,False
Z030,Bommanahalli,2024-09-01 04:00:00,4,7.04,961,953.96,0,01:00-05:00,18:00-22:00,False
Z030,Bommanahalli,2024-09-01 05:00:00,5,7.1,961,953.9,0,01:00-05:00,18:00-22:00,False
Z030,Bommanahalli,2024-09-01 06:00:00,6,8.71,961,952.29,0,01:00-05:00,18:00-22:00,False
Z030,Bommanahalli,2024-09-01 07:00:00,7,9.44,961,951.56,0,01:00-05:00,18:00-22:00,False
Z030,Bommanahalli,2024-09-01 08:00:00,8,9.56,961,951.44,0,01:00-05:00,18:00-22:00,False
Z030,Bommanahalli,2024-09-01 09:00:00,9,12.8,961,948.2,0,01:00-05:00,18:00-22:00,False
Z030,Bommanahalli,2024-09-01 10:00:00,10,13.53,961,947.47,0,01:00-05:00,18:00-22:00,False
Z030,Bommanahalli,2024-09-01 11:00:00,11,13.84,961,947.16,0,01:00-05:00,18:00-22:00,False
Z030,Bommanahalli,2024-09-01 12:00:00,12,14.04,961,946.96,0,01:00-05:00,18:00-22:00,False
Z030,Bommanahalli,2024-09-01 13:00:00,13,14.41,961,946.59,0,01:00-05:00,18:00-22:00,False
Z030,Bommanahalli,2024-09-01 14:00:00,14,14.59,961,946.41,0,01:00-05:00,18:00-22:00,False
Z030,Bommanahalli,2024-09-01 15:00:00,15,16.68,961,944.32,0,01:00-05:00,18:00-22:00,False
Z030,Bommanahalli,2024-09-01 16:00:00,16,17.3,961,943.7,0,01:00-05:00,18:00-22:00,False
Z030,Bommanahalli,2024-09-01 17:00:00,17,19.85,961,941.15,0,01:00-05:00,18:00-22:00,False
Z030,Bommanahalli,2024-09-01 18:00:00,18,21.26,961,939.74,0,01:00-05:00,18:00-22:00,False
Z030,Bommanahalli,2024-09-01 19:00:00,19,24.54,961,936.46,0,01:00-05:00,18:00-22:00,False
Z030,Bommanahalli,2024-09-01 20:00:00,20,31.04,961,929.96,0,01:00-05:00,18:00-22:00,False
Z030,Bommanahalli,2024-09-01 21:00:00,21,35.34,961,925.66,0,01:00-05:00,18:00-22:00,False
Z030,Bommanahalli,2024-09-01 22:00:00,22,33.0,961,928.0,0,01:00-05:00,18:00-22:00,False
Z030,Bommanahalli,2024-09-01 23:00:00,23,25.63,961,935.37,0,01:00-05:00,18:00-22:00,False
Z031,Devanahalli,2024-09-01 00:00:00,0,0.45,1366,1365.55,0,01:00-05:00,18:00-23:00,False
Z031,Devanahalli,2024-09-01 01:00:00,1,0.32,1366,1365.68,0,01:00-05:00,18:00-23:00,False
Z031,Devanahalli,2024-09-01 02:00:00,2,0.31,1366,1365.69,0,01:00-05:00,18:00-23:00,False
Z031,Devanahalli,2024-09-01 03:00:00,3,0.31,1366,1365.69,0,01:00-05:00,18:00-23:00,False
Z031,Devanahalli,2024-09-01 04:00:00,4,0.31,1366,1365.69,0,01:00-05:00,18:00-23:00,False
Z031,Devanahalli,2024-09-01 05:00:00,5,0.31,1366,1365.69,0,01:00-05:00,18:00-23:00,False
Z031,Devanahalli,2024-09-01 06:00:00,6,0.97,1366,1365.03,0,01:00-05:00,18:00-23:00,False
Z031,Devanahalli,2024-09-01 07:00:00,7,1.17,1366,1364.83,0,01:00-05:00,18:00-23:00,False
Z031,Devanahalli,2024-09-01 08:00:00,8,1.3,1366,1364.7,0,01:00-05:00,18:00-23:00,False
Z031,Devanahalli,2024-09-01 09:00:00,9,1.57,1366,1364.43,0,01:00-05:00,18:00-23:00,False
Z031,Devanahalli,2024-09-01 10:00:00,10,1.66,1366,1364.34,0,01:00-05:00,18:00-23:00,False
Z031,Devanahalli,2024-09-01 11:00:00,11,1.71,1366,1364.29,0,01:00-05:00,18:00-23:00,False
Z031,Devanahalli,2024-09-01 12:00:00,12,1.62,1366,1364.38,0,01:00-05:00,18:00-23:00,False
Z031,Devanahalli,2024-09-01 13:00:00,13,1.55,1366,1364.45,0,01:00-05:00,18:00-23:00,False
Z031,Devanahalli,2024-09-01 14:00:00,14,1.66,1366,1364.34,0,01:00-05:00,18:00-23:00,False
Z031,Devanahalli,2024-09-01 15:00:00,15,1.74,1366,1364.26,0,01:00-05:00,18:00-23:00,False
Z031,Devanahalli,2024-09-01 16:00:00,16,1.83,1366,1364.17,0,01:00-05:00,18:00-23:00,False
Z031,Devanahalli,2024-09-01 17:00:00,17,1.67,1366,1364.33,0,01:00-05:00,18:00-23:00,False
Z031,Devanahalli,2024-09-01 18:00:00,18,2.27,1366,1363.73,0,01:00-05:00,18:00-23:00,False
Z031,Devanahalli,2024-09-01 19:00:00,19,2.43,1366,1363.57,0,01:00-05:00,18:00-23:00,False
Z031,Devanahalli,2024-09-01 20:00:00,20,2.76,1366,1363.24,0,01:00-05:00,18:00-23:00,False
Z031,Devanahalli,2024-09-01 21:00:00,21,2.97,1366,1363.03,0,01:00-05:00,18:00-23:00,False
Z031,Devanahalli,2024-09-01 22:00:00,22,2.53,1366,1363.47,0,01:00-05:00,18:00-23:00,False
Z031,Devanahalli,2024-09-01 23:00:00,23,1.63,1366,1364.37,0,01:00-05:00,18:00-23:00,False
Z032,Nelamangala,2024-09-01 00:00:00,0,1.41,1457,1455.59,0,02:00-06:00,18:00-23:00,False
Z032,Nelamangala,2024-09-01 01:00:00,1,1.02,1457,1455.98,0,02:00-06:00,18:00-23:00,False
Z032,Nelamangala,2024-09-01 02:00:00,2,0.83,1457,1456.17,0,02:00-06:00,18:00-23:00,False
Z032,Nelamangala,2024-09-01 03:00:00,3,0.72,1457,1456.28,0,02:00-06:00,18:00-23:00,False
Z032,Nelamangala,2024-09-01 04:00:00,4,0.74,1457,1456.26,0,02:00-06:00,18:00-23:00,False
Z032,Nelamangala,2024-09-01 05:00:00,5,0.81,1457,1456.19,0,02:00-06:00,18:00-23:00,False
Z032,Nelamangala,2024-09-01 06:00:00,6,2.28,1457,1454.72,0,02:00-06:00,18:00-23:00,False
Z032,Nelamangala,2024-09-01 07:00:00,7,2.75,1457,1454.25,0,02:00-06:00,18:00-23:00,False
Z032,Nelamangala,2024-09-01 08:00:00,8,2.81,1457,1454.19,0,02:00-06:00,18:00-23:00,False
Z032,Nelamangala,2024-09-01 09:00:00,9,3.18,1457,1453.82,0,02:00-06:00,18:00-23:00,False
Z032,Nelamangala,2024-09-01 10:00:00,10,3.5,1457,1453.5,0,02:00-06:00,18:00-23:00,False
Z032,Nelamangala,2024-09-01 11:00:00,11,3.62,1457,1453.38,0,02:00-06:00,18:00-23:00,False
Z032,Nelamangala,2024-09-01 12:00:00,12,3.71,1457,1453.29,0,02:00-06:00,18:00-23:00,False
Z032,Nelamangala,2024-09-01 13:00:00,13,3.74,1457,1453.26,0,02:00-06:00,18:00-23:00,False
Z032,Nelamangala,2024-09-01 14:00:00,14,3.59,1457,1453.41,0,02:00-06:00,18:00-23:00,False
Z032,Nelamangala,2024-09-01 15:00:00,15,3.81,1457,1453.19,0,02:00-06:00,18:00-23:00,False
Z032,Nelamangala,2024-09-01 16:00:00,16,4.01,1457,1452.99,0,02:00-06:00,18:00-23:00,False
Z032,Nelamangala,2024-09-01 17:00:00,17,4.17,1457,1452.83,0,02:00-06:00,18:00-23:00,False
Z032,Nelamangala,2024-09-01 18:00:00,18,4.37,1457,1452.63,0,02:00-06:00,18:00-23:00,False
Z032,Nelamangala,2024-09-01 19:00:00,19,4.69,1457,1452.31,0,02:00-06:00,18:00-23:00,False
Z032,Nelamangala,2024-09-01 20:00:00,20,5.29,1457,1451.71,0,02:00-06:00,18:00-23:00,False
Z032,Nelamangala,2024-09-01 21:00:00,21,6.25,1457,1450.75,0,02:00-06:00,18:00-23:00,False
Z032,Nelamangala,2024-09-01 22:00:00,22,5.49,1457,1451.51,0,02:00-06:00,18:00-23:00,False
Z032,Nelamangala,2024-09-01 23:00:00,23,4.01,1457,1452.99,0,02:00-06:00,18:00-23:00,False
Z033,Anekal,2024-09-01 00:00:00,0,1.52,2663,2661.48,0,01:00-05:00,15:00-23:00,False
Z033,Anekal,2024-09-01 01:00:00,1,1.11,2663,2661.89,0,01:00-05:00,15:00-23:00,False
Z033,Anekal,2024-09-01 02:00:00,2,1.01,2663,2661.99,0,01:00-05:00,15:00-23:00,False
Z033,Anekal,2024-09-01 03:00:00,3,0.93,2663,2662.07,0,01:00-05:00,15:00-23:00,False
Z033,Anekal,2024-09-01 04:00:00,4,0.9,2663,2662.1,0,01:00-05:00,15:00-23:00,False
Z033,Anekal,2024-09-01 05:00:00,5,0.86,2663,2662.14,0,01:00-05:00,15:00-23:00,False
Z033,Anekal,2024-09-01 06:00:00,6,2.65,2663,2660.35,0,01:00-05:00,15:00-23:00,False
Z033,Anekal,2024-09-01 07:00:00,7,2.8,2663,2660.2,0,01:00-05:00,15:00-23:00,False
Z033,Anekal,2024-09-01 08:00:00,8,2.88,2663,2660.12,0,01:00-05:00,15:00-23:00,False
Z033,Anekal,2024-09-01 09:00:00,9,3.3,2663,2659.7,0,01:00-05:00,15:00-23:00,False
Z033,Anekal,2024-09-01 10:00:00,10,3.48,2663,2659.52,0,01:00-05:00,15:00-23:00,False
Z033,Anekal,2024-09-01 11:00:00,11,3.45,2663,2659.55,0,01:00-05:00,15:00-23:00,False
Z033,Anekal,2024-09-01 12:00:00,12,3.52,2663,2659.48,0,01:00-05:00,15:00-23:00,False
Z033,Anekal,2024-09-01 13:00:00,13,3.44,2663,2659.56,0,01:00-05:00,15:00-23:00,False
Z033,Anekal,2024-09-01 14:00:00,14,3.42,2663,2659.58,0,01:00-05:00,15:00-23:00,False
Z033,Anekal,2024-09-01 15:00:00,15,3.63,2663,2659.37,0,01:00-05:00,15:00-23:00,False
Z033,Anekal,2024-09-01 16:00:00,16,3.62,2663,2659.38,0,01:00-05:00,15:00-23:00,False
Z033,Anekal,2024-09-01 17:00:00,17,3.64,2663,2659.36,0,01:00-05:00,15:00-23:00,False
Z033,Anekal,2024-09-01 18:00:00,18,4.76,2663,2658.24,0,01:00-05:00,15:00-23:00,False
Z033,Anekal,2024-09-01 19:00:00,19,5.45,2663,2657.55,0,01:00-05:00,15:00-23:00,False
Z033,Anekal,2024-09-01 20:00:00,20,6.22,2663,2656.78,0,01:00-05:00,15:00-23:00,False
Z033,Anekal,2024-09-01 21:00:00,21,6.14,2663,2656.86,0,01:00-05:00,15:00-23:00,False
Z033,Anekal,2024-09-01 22:00:00,22,5.55,2663,2657.45,0,01:00-05:00,15:00-23:00,False
Z033,Anekal,2024-09-01 23:00:00,23,3.83,2663,2659.17,0,01:00-05:00,15:00-23:00,False
Z034,Varthur,2024-09-01 00:00:00,0,8.8,984,975.2,0,00:00-04:00,18:00-22:00,False
Z034,Varthur,2024-09-01 01:00:00,1,7.78,984,976.22,0,00:00-04:00,18:00-22:00,False
Z034,Varthur,2024-09-01 02:00:00,2,7.35,984,976.65,0,00:00-04:00,18:00-22:00,False
Z034,Varthur,2024-09-01 03:00:00,3,7.54,984,976.46,0,00:00-04:00,18:00-22:00,False
Z034,Varthur,2024-09-01 04:00:00,4,7.68,984,976.32,0,00:00-04:00,18:00-22:00,False
Z034,Varthur,2024-09-01 05:00:00,5,7.53,984,976.47,0,00:00-04:00,18:00-22:00,False
Z034,Varthur,2024-09-01 06:00:00,6,8.23,984,975.77,0,00:00-04:00,18:00-22:00,False
Z034,Varthur,2024-09-01 07:00:00,7,8.44,984,975.56,0,00:00-04:00,18:00-22:00,False
Z034,Varthur,2024-09-01 08:00:00,8,8.6,984,975.4,0,00:00-04:00,18:00-22:00,False
Z034,Varthur,2024-09-01 09:00:00,9,8.88,984,975.12,0,00:00-04:00,18:00-22:00,False
Z034,Varthur,2024-09-01 10:00:00,10,8.96,984,975.04,0,00:00-04:00,18:00-22:00,False
Z034,Varthur,2024-09-01 11:00:00,11,8.94,984,975.06,0,00:00-04:00,18:00-22:00,False
Z034,Varthur,2024-09-01 12:00:00,12,9.6,984,974.4,0,00:00-04:00,18:00-22:00,False
Z034,Varthur,2024-09-01 13:00:00,13,10.23,984,973.77,0,00:00-04:00,18:00-22:00,False
Z034,Varthur,2024-09-01 14:00:00,14,9.96,984,974.04,0,00:00-04:00,18:00-22:00,False
Z034,Varthur,2024-09-01 15:00:00,15,10.84,984,973.16,0,00:00-04:00,18:00-22:00,False
Z034,Varthur,2024-09-01 16:00:00,16,11.84,984,972.16,0,00:00-04:00,18:00-22:00,False
Z034,Varthur,2024-09-01 17:00:00,17,11.39,984,972.61,0,00:00-04:00,18:00-22:00,False
Z034,Varthur,2024-09-01 18:00:00,18,14.59,984,969.41,0,00:00-04:00,18:00-22:00,False
Z034,Varthur,2024-09-01 19:00:00,19,17.75,984,966.25,0,00:00-04:00,18:00-22:00,False
Z034,Varthur,2024-09-01 20:00:00,20,24.48,984,959.52,0,00:00-04:00,18:00-22:00,False
Z034,Varthur,2024-09-01 21:00:00,21,26.94,984,957.06,0,00:00-04:00,18:00-22:00,False
Z034,Varthur,2024-09-01 22:00:00,22,25.68,984,958.32,0,00:00-04:00,18:00-22:00,False
Z034,Varthur,2024-09-01 23:00:00,23,21.03,984,962.97,0,00:00-04:00,18:00-22:00,False
Z035,Domlur,2024-09-01 00:00:00,0,5.44,1170,1164.56,0,01:00-05:00,18:00-23:00,False
Z035,Domlur,2024-09-01 01:00:00,1,4.19,1170,1165.81,0,01:00-05:00,18:00-23:00,False
Z035,Domlur,2024-09-01 02:00:00,2,3.7,1170,1166.3,0,01:00-05:00,18:00-23:00,False
Z035,Domlur,2024-09-01 03:00:00,3,3.42,1170,1166.58,0,01:00-05:00,18:00-23:00,False
Z035,Domlur,2024-09-01 04:00:00,4,3.38,1170,1166.62,0,01:00-05:00,18:00-23:00,False
Z035,Domlur,2024-09-01 05:00:00,5,3.31,1170,1166.69,0,01:00-05:00,18:00-23:00,False
Z035,Domlur,2024-09-01 06:00:00,6,4.61,1170,1165.39,0,01:00-05:00,18:00-23:00,False
Z035,Domlur,2024-09-01 07:00:00,7,5.6,1170,1164.4,0,01:00-05:00,18:00-23:00,False
Z035,Domlur,2024-09-01 08:00:00,8,6.51,1170,1163.49,0,01:00-05:00,18:00-23:00,False
Z035,Domlur,2024-09-01 09:00:00,9,7.7,1170,1162.3,0,01:00-05:00,18:00-23:00,False
Z035,Domlur,2024-09-01 10:00:00,10,8.63,1170,1161.37,0,01:00-05:00,18:00-23:00,False
Z035,Domlur,2024-09-01 11:00:00,11,9.25,1170,1160.75,0,01:00-05:00,18:00-23:00,False
Z035,Domlur,2024-09-01 12:00:00,12,9.81,1170,1160.19,0,01:00-05:00,18:00-23:00,False
Z035,Domlur,2024-09-01 13:00:00,13,10.59,1170,1159.41,0,01:00-05:00,18:00-23:00,False
Z035,Domlur,2024-09-01 14:00:00,14,10.92,1170,1159.08,0,01:00-05:00,18:00-23:00,False
Z035,Domlur,2024-09-01 15:00:00,15,11.79,1170,1158.21,0,01:00-05:00,18:00-23:00,False
Z035,Domlur,2024-09-01 16:00:00,16,12.73,1170,1157.27,0,01:00-05:00,18:00-23:00,False
Z035,Domlur,2024-09-01 17:00:00,17,13.51,1170,1156.49,0,01:00-05:00,18:00-23:00,False
Z035,Domlur,2024-09-01 18:00:00,18,13.08,1170,1156.92,0,01:00-05:00,18:00-23:00,False
Z035,Domlur,2024-09-01 19:00:00,19,13.12,1170,1156.88,0,01:00-05:00,18:00-23:00,False
Z035,Domlur,2024-09-01 20:00:00,20,15.13,1170,1154.87,0,01:00-05:00,18:00-23:00,False
Z035,Domlur,2024-09-01 21:00:00,21,14.95,1170,1155.05,0,01:00-05:00,18:00-23:00,False
Z035,Domlur,2024-09-01 22:00:00,22,14.59,1170,1155.41,0,01:00-05:00,18:00-23:00,False
Z035,Domlur,2024-09-01 23:00:00,23,13.13,1170,1156.87,0,01:00-05:00,18:00-23:00,False
